filepath,label,split,width,height,mean_intensity,source_path
train/cat/cat_0000.jpg,cat,train,64,64,0.584909,/Users/fuisloy/lab/data/raw/animal-faces/afhq/val/cat/pixabay_cat_003734.jpg
train/cat/cat_0001.jpg,cat,train,64,64,0.403741,/Users/fuisloy/lab/data/raw/animal-faces/afhq/train/cat/pixabay_cat_001853.jpg
train/cat/cat_0002.jpg,cat,train,64,64,0.450109,/Users/fuisloy/lab/data/raw/animal-faces/afhq/train/cat/pixabay_cat_000746.jpg
train/cat/cat_0003.jpg,cat,train,64,64,0.452337,/Users/fuisloy/lab/data/raw/animal-faces/afhq/train/cat/pixabay_cat_000679.jpg
train/cat/cat_0004.jpg,cat,train,64,64,0.427763,/Users/fuisloy/lab/data/raw/animal-faces/afhq/val/cat/pixabay_cat_000076.jpg
train/cat/cat_0005.jpg,cat,train,64,64,0.458611,/Users/fuisloy/lab/data/raw/animal-faces/afhq/train/cat/flickr_cat_000700.jpg
train/cat/cat_0006.jpg,cat,train,64,64,0.470244,/Users/fuisloy/lab/data/raw/animal-faces/afhq/train/cat/pixabay_cat_004644.jpg
train/cat/cat_0007.jpg,cat,train,64,64,0.453494,/Users/fuisloy/lab/data/raw/animal-faces/afhq/train/cat/pixabay_cat_004200.jpg
train/cat/cat_0008.jpg,cat,train,64,64,0.497612,/Users/fuisloy/lab/data/raw/animal-faces/afhq/train/cat/flickr_cat_000429.jpg
train/cat/cat_0009.jpg,cat,train,64,64,0.663076,/Users/fuisloy/lab/data/raw/animal-faces/afhq/train/cat/pixabay_cat_002967.jpg
train/cat/cat_0010.jpg,cat,train,64,64,0.470148,/Users/fuisloy/lab/data/raw/animal-faces/afhq/train/cat/pixabay_cat_003474.jpg
train/cat/cat_0011.jpg,cat,train,64,64,0.500487,/Users/fuisloy/lab/data/raw/animal-faces/afhq/val/cat/pixabay_cat_001465.jpg
train/cat/cat_0012.jpg,cat,train,64,64,0.332041,/Users/fuisloy/lab/data/raw/animal-faces/afhq/train/cat/flickr_cat_000376.jpg
train/cat/cat_0013.jpg,cat,train,64,64,0.560192,/Users/fuisloy/lab/data/raw/animal-faces/afhq/train/cat/pixabay_cat_003831.jpg
train/cat/cat_0014.jpg,cat,train,64,64,0.482747,/Users/fuisloy/lab/data/raw/animal-faces/afhq/train/cat/pixabay_cat_001940.jpg
train/cat/cat_0015.jpg,cat,train,64,64,0.452297,/Users/fuisloy/lab/data/raw/animal-faces/afhq/train/cat/pixabay_cat_001060.jpg
train/cat/cat_0016.jpg,cat,train,64,64,0.430497,/Users/fuisloy/lab/data/raw/animal-faces/afhq/train/cat/pixabay_cat_004587.jpg
train/cat/cat_0017.jpg,cat,train,64,64,0.464287,/Users/fuisloy/lab/data/raw/animal-faces/afhq/train/cat/pixabay_cat_001221.jpg
train/cat/cat_0018.jpg,cat,train,64,64,0.742374,/Users/fuisloy/lab/data/raw/animal-faces/afhq/train/cat/flickr_cat_000489.jpg
train/cat/cat_0019.jpg,cat,train,64,64,0.434108,/Users/fuisloy/lab/data/raw/animal-faces/afhq/train/cat/pixabay_cat_001950.jpg
train/cat/cat_0020.jpg,cat,train,64,64,0.598071,/Users/fuisloy/lab/data/raw/animal-faces/afhq/train/cat/pixabay_cat_001753.jpg
train/cat/cat_0021.jpg,cat,train,64,64,0.485001,/Users/fuisloy/lab/data/raw/animal-faces/afhq/train/cat/pixabay_cat_004376.jpg
train/cat/cat_0022.jpg,cat,train,64,64,0.340864,/Users/fuisloy/lab/data/raw/animal-faces/afhq/train/cat/pixabay_cat_003118.jpg
train/cat/cat_0023.jpg,cat,train,64,64,0.431648,/Users/fuisloy/lab/data/raw/animal-faces/afhq/train/cat/pixabay_cat_001019.jpg
train/cat/cat_0024.jpg,cat,train,64,64,0.390816,/Users/fuisloy/lab/data/raw/animal-faces/afhq/val/cat/pixabay_cat_004513.jpg
train/cat/cat_0025.jpg,cat,train,64,64,0.368511,/Users/fuisloy/lab/data/raw/animal-faces/afhq/train/cat/pixabay_cat_000138.jpg
train/cat/cat_0026.jpg,cat,train,64,64,0.470410,/Users/fuisloy/lab/data/raw/animal-faces/afhq/train/cat/pixabay_cat_004000.jpg
train/cat/cat_0027.jpg,cat,train,64,64,0.381093,/Users/fuisloy/lab/data/raw/animal-faces/afhq/train/cat/pixabay_cat_000055.jpg
train/cat/cat_0028.jpg,cat,train,64,64,0.596032,/Users/fuisloy/lab/data/raw/animal-faces/afhq/train/cat/pixabay_cat_004071.jpg
train/cat/cat_0029.jpg,cat,train,64,64,0.317695,/Users/fuisloy/lab/data/raw/animal-faces/afhq/train/cat/pixabay_cat_000345.jpg
train/cat/cat_0030.jpg,cat,train,64,64,0.368067,/Users/fuisloy/lab/data/raw/animal-faces/afhq/train/cat/pixabay_cat_003669.jpg
train/cat/cat_0031.jpg,cat,train,64,64,0.520020,/Users/fuisloy/lab/data/raw/animal-faces/afhq/train/cat/pixabay_cat_000388.jpg
train/cat/cat_0032.jpg,cat,train,64,64,0.523720,/Users/fuisloy/lab/data/raw/animal-faces/afhq/val/cat/pixabay_cat_001724.jpg
train/cat/cat_0033.jpg,cat,train,64,64,0.354127,/Users/fuisloy/lab/data/raw/animal-faces/afhq/train/cat/pixabay_cat_000367.jpg
train/cat/cat_0034.jpg,cat,train,64,64,0.380610,/Users/fuisloy/lab/data/raw/animal-faces/afhq/train/cat/pixabay_cat_002763.jpg
train/cat/cat_0035.jpg,cat,train,64,64,0.481095,/Users/fuisloy/lab/data/raw/animal-faces/afhq/train/cat/pixabay_cat_003435.jpg
train/cat/cat_0036.jpg,cat,train,64,64,0.602769,/Users/fuisloy/lab/data/raw/animal-faces/afhq/train/cat/pixabay_cat_000167.jpg
train/cat/cat_0037.jpg,cat,train,64,64,0.393550,/Users/fuisloy/lab/data/raw/animal-faces/afhq/train/cat/flickr_cat_000812.jpg
train/cat/cat_0038.jpg,cat,train,64,64,0.425773,/Users/fuisloy/lab/data/raw/animal-faces/afhq/train/cat/flickr_cat_000067.jpg
train/cat/cat_0039.jpg,cat,train,64,64,0.551967,/Users/fuisloy/lab/data/raw/animal-faces/afhq/train/cat/pixabay_cat_000400.jpg
train/cat/cat_0040.jpg,cat,train,64,64,0.388214,/Users/fuisloy/lab/data/raw/animal-faces/afhq/train/cat/pixabay_cat_004072.jpg
train/cat/cat_0041.jpg,cat,train,64,64,0.585478,/Users/fuisloy/lab/data/raw/animal-faces/afhq/train/cat/pixabay_cat_000925.jpg
train/cat/cat_0042.jpg,cat,train,64,64,0.453060,/Users/fuisloy/lab/data/raw/animal-faces/afhq/train/cat/pixabay_cat_002575.jpg
train/cat/cat_0043.jpg,cat,train,64,64,0.444343,/Users/fuisloy/lab/data/raw/animal-faces/afhq/val/cat/pixabay_cat_000663.jpg
train/cat/cat_0044.jpg,cat,train,64,64,0.618203,/Users/fuisloy/lab/data/raw/animal-faces/afhq/val/cat/pixabay_cat_000801.jpg
train/cat/cat_0045.jpg,cat,train,64,64,0.428591,/Users/fuisloy/lab/data/raw/animal-faces/afhq/train/cat/pixabay_cat_003517.jpg
train/cat/cat_0046.jpg,cat,train,64,64,0.179311,/Users/fuisloy/lab/data/raw/animal-faces/afhq/train/cat/pixabay_cat_002805.jpg
train/cat/cat_0047.jpg,cat,train,64,64,0.419851,/Users/fuisloy/lab/data/raw/animal-faces/afhq/train/cat/pixabay_cat_001036.jpg
train/cat/cat_0048.jpg,cat,train,64,64,0.685606,/Users/fuisloy/lab/data/raw/animal-faces/afhq/val/cat/flickr_cat_000152.jpg
train/cat/cat_0049.jpg,cat,train,64,64,0.391648,/Users/fuisloy/lab/data/raw/animal-faces/afhq/train/cat/pixabay_cat_004099.jpg
train/cat/cat_0050.jpg,cat,train,64,64,0.379572,/Users/fuisloy/lab/data/raw/animal-faces/afhq/train/cat/flickr_cat_000272.jpg
train/cat/cat_0051.jpg,cat,train,64,64,0.415785,/Users/fuisloy/lab/data/raw/animal-faces/afhq/train/cat/pixabay_cat_001459.jpg
train/cat/cat_0052.jpg,cat,train,64,64,0.301796,/Users/fuisloy/lab/data/raw/animal-faces/afhq/train/cat/flickr_cat_000443.jpg
train/cat/cat_0053.jpg,cat,train,64,64,0.636621,/Users/fuisloy/lab/data/raw/animal-faces/afhq/train/cat/pixabay_cat_002574.jpg
train/cat/cat_0054.jpg,cat,train,64,64,0.511417,/Users/fuisloy/lab/data/raw/animal-faces/afhq/train/cat/pixabay_cat_004597.jpg
train/cat/cat_0055.jpg,cat,train,64,64,0.474983,/Users/fuisloy/lab/data/raw/animal-faces/afhq/train/cat/pixabay_cat_002741.jpg
train/cat/cat_0056.jpg,cat,train,64,64,0.438569,/Users/fuisloy/lab/data/raw/animal-faces/afhq/train/cat/pixabay_cat_004056.jpg
train/cat/cat_0057.jpg,cat,train,64,64,0.390084,/Users/fuisloy/lab/data/raw/animal-faces/afhq/val/cat/pixabay_cat_003755.jpg
train/cat/cat_0058.jpg,cat,train,64,64,0.349930,/Users/fuisloy/lab/data/raw/animal-faces/afhq/train/cat/pixabay_cat_004640.jpg
train/cat/cat_0059.jpg,cat,train,64,64,0.492763,/Users/fuisloy/lab/data/raw/animal-faces/afhq/train/cat/pixabay_cat_002525.jpg
train/cat/cat_0060.jpg,cat,train,64,64,0.460261,/Users/fuisloy/lab/data/raw/animal-faces/afhq/train/cat/pixabay_cat_000839.jpg
train/cat/cat_0061.jpg,cat,train,64,64,0.419105,/Users/fuisloy/lab/data/raw/animal-faces/afhq/train/cat/pixabay_cat_003421.jpg
train/cat/cat_0062.jpg,cat,train,64,64,0.515842,/Users/fuisloy/lab/data/raw/animal-faces/afhq/train/cat/pixabay_cat_003559.jpg
train/cat/cat_0063.jpg,cat,train,64,64,0.377897,/Users/fuisloy/lab/data/raw/animal-faces/afhq/train/cat/flickr_cat_000760.jpg
train/cat/cat_0064.jpg,cat,train,64,64,0.320633,/Users/fuisloy/lab/data/raw/animal-faces/afhq/train/cat/pixabay_cat_001784.jpg
train/cat/cat_0065.jpg,cat,train,64,64,0.468806,/Users/fuisloy/lab/data/raw/animal-faces/afhq/val/cat/pixabay_cat_002990.jpg
train/cat/cat_0066.jpg,cat,train,64,64,0.455009,/Users/fuisloy/lab/data/raw/animal-faces/afhq/train/cat/pixabay_cat_000585.jpg
train/cat/cat_0067.jpg,cat,train,64,64,0.545563,/Users/fuisloy/lab/data/raw/animal-faces/afhq/train/cat/flickr_cat_000159.jpg
train/cat/cat_0068.jpg,cat,train,64,64,0.350986,/Users/fuisloy/lab/data/raw/animal-faces/afhq/train/cat/pixabay_cat_003815.jpg
train/cat/cat_0069.jpg,cat,train,64,64,0.561628,/Users/fuisloy/lab/data/raw/animal-faces/afhq/train/cat/pixabay_cat_001276.jpg
train/cat/cat_0070.jpg,cat,train,64,64,0.481861,/Users/fuisloy/lab/data/raw/animal-faces/afhq/train/cat/pixabay_cat_001824.jpg
train/cat/cat_0071.jpg,cat,train,64,64,0.548278,/Users/fuisloy/lab/data/raw/animal-faces/afhq/train/cat/pixabay_cat_003902.jpg
train/cat/cat_0072.jpg,cat,train,64,64,0.429448,/Users/fuisloy/lab/data/raw/animal-faces/afhq/train/cat/pixabay_cat_000971.jpg
train/cat/cat_0073.jpg,cat,train,64,64,0.537037,/Users/fuisloy/lab/data/raw/animal-faces/afhq/train/cat/pixabay_cat_002366.jpg
train/cat/cat_0074.jpg,cat,train,64,64,0.545030,/Users/fuisloy/lab/data/raw/animal-faces/afhq/val/cat/pixabay_cat_004759.jpg
train/cat/cat_0075.jpg,cat,train,64,64,0.458415,/Users/fuisloy/lab/data/raw/animal-faces/afhq/train/cat/flickr_cat_000170.jpg
train/cat/cat_0076.jpg,cat,train,64,64,0.561425,/Users/fuisloy/lab/data/raw/animal-faces/afhq/train/cat/pixabay_cat_001489.jpg
train/cat/cat_0077.jpg,cat,train,64,64,0.373706,/Users/fuisloy/lab/data/raw/animal-faces/afhq/train/cat/pixabay_cat_001545.jpg
train/cat/cat_0078.jpg,cat,train,64,64,0.457180,/Users/fuisloy/lab/data/raw/animal-faces/afhq/val/cat/pixabay_cat_000037.jpg
train/cat/cat_0079.jpg,cat,train,64,64,0.413396,/Users/fuisloy/lab/data/raw/animal-faces/afhq/train/cat/flickr_cat_000588.jpg
train/cat/cat_0080.jpg,cat,train,64,64,0.614025,/Users/fuisloy/lab/data/raw/animal-faces/afhq/train/cat/pixabay_cat_001413.jpg
train/cat/cat_0081.jpg,cat,train,64,64,0.402902,/Users/fuisloy/lab/data/raw/animal-faces/afhq/train/cat/pixabay_cat_001389.jpg
train/cat/cat_0082.jpg,cat,train,64,64,0.264701,/Users/fuisloy/lab/data/raw/animal-faces/afhq/train/cat/pixabay_cat_003985.jpg
train/cat/cat_0083.jpg,cat,train,64,64,0.509617,/Users/fuisloy/lab/data/raw/animal-faces/afhq/train/cat/pixabay_cat_000084.jpg
train/cat/cat_0084.jpg,cat,train,64,64,0.461197,/Users/fuisloy/lab/data/raw/animal-faces/afhq/train/cat/pixabay_cat_000203.jpg
train/cat/cat_0085.jpg,cat,train,64,64,0.342435,/Users/fuisloy/lab/data/raw/animal-faces/afhq/train/cat/flickr_cat_000309.jpg
train/cat/cat_0086.jpg,cat,train,64,64,0.438422,/Users/fuisloy/lab/data/raw/animal-faces/afhq/train/cat/pixabay_cat_001315.jpg
train/cat/cat_0087.jpg,cat,train,64,64,0.539121,/Users/fuisloy/lab/data/raw/animal-faces/afhq/train/cat/pixabay_cat_004339.jpg
train/cat/cat_0088.jpg,cat,train,64,64,0.350673,/Users/fuisloy/lab/data/raw/animal-faces/afhq/train/cat/pixabay_cat_001511.jpg
train/cat/cat_0089.jpg,cat,train,64,64,0.201793,/Users/fuisloy/lab/data/raw/animal-faces/afhq/val/cat/pixabay_cat_004662.jpg
train/cat/cat_0090.jpg,cat,train,64,64,0.448361,/Users/fuisloy/lab/data/raw/animal-faces/afhq/train/cat/pixabay_cat_001023.jpg
train/cat/cat_0091.jpg,cat,train,64,64,0.457092,/Users/fuisloy/lab/data/raw/animal-faces/afhq/train/cat/flickr_cat_000799.jpg
train/cat/cat_0092.jpg,cat,train,64,64,0.570152,/Users/fuisloy/lab/data/raw/animal-faces/afhq/train/cat/pixabay_cat_000435.jpg
train/cat/cat_0093.jpg,cat,train,64,64,0.580462,/Users/fuisloy/lab/data/raw/animal-faces/afhq/train/cat/pixabay_cat_001502.jpg
train/cat/cat_0094.jpg,cat,train,64,64,0.469938,/Users/fuisloy/lab/data/raw/animal-faces/afhq/train/cat/pixabay_cat_001914.jpg
train/cat/cat_0095.jpg,cat,train,64,64,0.565719,/Users/fuisloy/lab/data/raw/animal-faces/afhq/train/cat/pixabay_cat_002415.jpg
train/cat/cat_0096.jpg,cat,train,64,64,0.529763,/Users/fuisloy/lab/data/raw/animal-faces/afhq/train/cat/pixabay_cat_004747.jpg
train/cat/cat_0097.jpg,cat,train,64,64,0.622988,/Users/fuisloy/lab/data/raw/animal-faces/afhq/train/cat/pixabay_cat_001901.jpg
train/cat/cat_0098.jpg,cat,train,64,64,0.286553,/Users/fuisloy/lab/data/raw/animal-faces/afhq/train/cat/pixabay_cat_004564.jpg
train/cat/cat_0099.jpg,cat,train,64,64,0.883639,/Users/fuisloy/lab/data/raw/animal-faces/afhq/train/cat/pixabay_cat_002528.jpg
train/cat/cat_0100.jpg,cat,train,64,64,0.569478,/Users/fuisloy/lab/data/raw/animal-faces/afhq/val/cat/flickr_cat_000534.jpg
train/cat/cat_0101.jpg,cat,train,64,64,0.433784,/Users/fuisloy/lab/data/raw/animal-faces/afhq/train/cat/pixabay_cat_003479.jpg
train/cat/cat_0102.jpg,cat,train,64,64,0.575457,/Users/fuisloy/lab/data/raw/animal-faces/afhq/train/cat/pixabay_cat_003346.jpg
train/cat/cat_0103.jpg,cat,train,64,64,0.419234,/Users/fuisloy/lab/data/raw/animal-faces/afhq/train/cat/pixabay_cat_004499.jpg
train/cat/cat_0104.jpg,cat,train,64,64,0.487942,/Users/fuisloy/lab/data/raw/animal-faces/afhq/train/cat/pixabay_cat_001249.jpg
train/cat/cat_0105.jpg,cat,train,64,64,0.526772,/Users/fuisloy/lab/data/raw/animal-faces/afhq/train/cat/pixabay_cat_004080.jpg
train/cat/cat_0106.jpg,cat,train,64,64,0.608245,/Users/fuisloy/lab/data/raw/animal-faces/afhq/train/cat/pixabay_cat_003757.jpg
train/cat/cat_0107.jpg,cat,train,64,64,0.435175,/Users/fuisloy/lab/data/raw/animal-faces/afhq/train/cat/pixabay_cat_003975.jpg
train/cat/cat_0108.jpg,cat,train,64,64,0.449432,/Users/fuisloy/lab/data/raw/animal-faces/afhq/val/cat/pixabay_cat_000178.jpg
train/cat/cat_0109.jpg,cat,train,64,64,0.417169,/Users/fuisloy/lab/data/raw/animal-faces/afhq/train/cat/flickr_cat_000524.jpg
train/cat/cat_0110.jpg,cat,train,64,64,0.488523,/Users/fuisloy/lab/data/raw/animal-faces/afhq/train/cat/pixabay_cat_003203.jpg
train/cat/cat_0111.jpg,cat,train,64,64,0.530824,/Users/fuisloy/lab/data/raw/animal-faces/afhq/train/cat/pixabay_cat_002893.jpg
train/cat/cat_0112.jpg,cat,train,64,64,0.375849,/Users/fuisloy/lab/data/raw/animal-faces/afhq/train/cat/pixabay_cat_002808.jpg
train/cat/cat_0113.jpg,cat,train,64,64,0.585573,/Users/fuisloy/lab/data/raw/animal-faces/afhq/train/cat/pixabay_cat_002602.jpg
train/cat/cat_0114.jpg,cat,train,64,64,0.444613,/Users/fuisloy/lab/data/raw/animal-faces/afhq/train/cat/pixabay_cat_004702.jpg
train/cat/cat_0115.jpg,cat,train,64,64,0.555962,/Users/fuisloy/lab/data/raw/animal-faces/afhq/train/cat/pixabay_cat_003246.jpg
train/cat/cat_0116.jpg,cat,train,64,64,0.409643,/Users/fuisloy/lab/data/raw/animal-faces/afhq/train/cat/pixabay_cat_003228.jpg
train/cat/cat_0117.jpg,cat,train,64,64,0.625104,/Users/fuisloy/lab/data/raw/animal-faces/afhq/val/cat/pixabay_cat_003986.jpg
train/cat/cat_0118.jpg,cat,train,64,64,0.663951,/Users/fuisloy/lab/data/raw/animal-faces/afhq/train/cat/flickr_cat_000257.jpg
train/cat/cat_0119.jpg,cat,train,64,64,0.505684,/Users/fuisloy/lab/data/raw/animal-faces/afhq/train/cat/pixabay_cat_000510.jpg
train/cat/cat_0120.jpg,cat,train,64,64,0.451832,/Users/fuisloy/lab/data/raw/animal-faces/afhq/train/cat/pixabay_cat_004568.jpg
train/cat/cat_0121.jpg,cat,train,64,64,0.458245,/Users/fuisloy/lab/data/raw/animal-faces/afhq/train/cat/pixabay_cat_002841.jpg
train/cat/cat_0122.jpg,cat,train,64,64,0.451639,/Users/fuisloy/lab/data/raw/animal-faces/afhq/train/cat/pixabay_cat_004551.jpg
train/cat/cat_0123.jpg,cat,train,64,64,0.466598,/Users/fuisloy/lab/data/raw/animal-faces/afhq/train/cat/pixabay_cat_002411.jpg
train/cat/cat_0124.jpg,cat,train,64,64,0.454324,/Users/fuisloy/lab/data/raw/animal-faces/afhq/train/cat/pixabay_cat_002229.jpg
train/cat/cat_0125.jpg,cat,train,64,64,0.748387,/Users/fuisloy/lab/data/raw/animal-faces/afhq/train/cat/flickr_cat_000820.jpg
train/cat/cat_0126.jpg,cat,train,64,64,0.286114,/Users/fuisloy/lab/data/raw/animal-faces/afhq/train/cat/pixabay_cat_000580.jpg
train/cat/cat_0127.jpg,cat,train,64,64,0.378384,/Users/fuisloy/lab/data/raw/animal-faces/afhq/train/cat/pixabay_cat_002319.jpg
train/cat/cat_0128.jpg,cat,train,64,64,0.425381,/Users/fuisloy/lab/data/raw/animal-faces/afhq/train/cat/pixabay_cat_004067.jpg
train/cat/cat_0129.jpg,cat,train,64,64,0.372073,/Users/fuisloy/lab/data/raw/animal-faces/afhq/train/cat/pixabay_cat_002947.jpg
train/cat/cat_0130.jpg,cat,train,64,64,0.391171,/Users/fuisloy/lab/data/raw/animal-faces/afhq/train/cat/flickr_cat_000428.jpg
train/cat/cat_0131.jpg,cat,train,64,64,0.340883,/Users/fuisloy/lab/data/raw/animal-faces/afhq/val/cat/pixabay_cat_000637.jpg
train/cat/cat_0132.jpg,cat,train,64,64,0.283521,/Users/fuisloy/lab/data/raw/animal-faces/afhq/train/cat/flickr_cat_000327.jpg
train/cat/cat_0133.jpg,cat,train,64,64,0.294608,/Users/fuisloy/lab/data/raw/animal-faces/afhq/train/cat/pixabay_cat_001795.jpg
train/cat/cat_0134.jpg,cat,train,64,64,0.539390,/Users/fuisloy/lab/data/raw/animal-faces/afhq/train/cat/flickr_cat_000631.jpg
train/cat/cat_0135.jpg,cat,train,64,64,0.273438,/Users/fuisloy/lab/data/raw/animal-faces/afhq/train/cat/pixabay_cat_000661.jpg
train/cat/cat_0136.jpg,cat,train,64,64,0.447172,/Users/fuisloy/lab/data/raw/animal-faces/afhq/train/cat/flickr_cat_000719.jpg
train/cat/cat_0137.jpg,cat,train,64,64,0.406044,/Users/fuisloy/lab/data/raw/animal-faces/afhq/train/cat/flickr_cat_000021.jpg
train/cat/cat_0138.jpg,cat,train,64,64,0.164162,/Users/fuisloy/lab/data/raw/animal-faces/afhq/train/cat/pixabay_cat_001473.jpg
train/cat/cat_0139.jpg,cat,train,64,64,0.241733,/Users/fuisloy/lab/data/raw/animal-faces/afhq/train/cat/pixabay_cat_000912.jpg
train/cat/cat_0140.jpg,cat,train,64,64,0.628915,/Users/fuisloy/lab/data/raw/animal-faces/afhq/train/cat/flickr_cat_000563.jpg
train/cat/cat_0141.jpg,cat,train,64,64,0.408667,/Users/fuisloy/lab/data/raw/animal-faces/afhq/train/cat/pixabay_cat_002270.jpg
train/cat/cat_0142.jpg,cat,train,64,64,0.422991,/Users/fuisloy/lab/data/raw/animal-faces/afhq/train/cat/pixabay_cat_000075.jpg
train/cat/cat_0143.jpg,cat,train,64,64,0.484479,/Users/fuisloy/lab/data/raw/animal-faces/afhq/train/cat/pixabay_cat_000189.jpg
train/cat/cat_0144.jpg,cat,train,64,64,0.406077,/Users/fuisloy/lab/data/raw/animal-faces/afhq/train/cat/pixabay_cat_000252.jpg
train/cat/cat_0145.jpg,cat,train,64,64,0.277816,/Users/fuisloy/lab/data/raw/animal-faces/afhq/train/cat/pixabay_cat_003969.jpg
train/cat/cat_0146.jpg,cat,train,64,64,0.415621,/Users/fuisloy/lab/data/raw/animal-faces/afhq/train/cat/pixabay_cat_003342.jpg
train/cat/cat_0147.jpg,cat,train,64,64,0.582565,/Users/fuisloy/lab/data/raw/animal-faces/afhq/train/cat/pixabay_cat_001430.jpg
train/cat/cat_0148.jpg,cat,train,64,64,0.584322,/Users/fuisloy/lab/data/raw/animal-faces/afhq/train/cat/flickr_cat_000749.jpg
train/cat/cat_0149.jpg,cat,train,64,64,0.596695,/Users/fuisloy/lab/data/raw/animal-faces/afhq/train/cat/pixabay_cat_000419.jpg
train/cat/cat_0150.jpg,cat,train,64,64,0.593792,/Users/fuisloy/lab/data/raw/animal-faces/afhq/val/cat/flickr_cat_000232.jpg
train/cat/cat_0151.jpg,cat,train,64,64,0.517511,/Users/fuisloy/lab/data/raw/animal-faces/afhq/train/cat/pixabay_cat_003989.jpg
train/cat/cat_0152.jpg,cat,train,64,64,0.722400,/Users/fuisloy/lab/data/raw/animal-faces/afhq/train/cat/pixabay_cat_000409.jpg
train/cat/cat_0153.jpg,cat,train,64,64,0.379424,/Users/fuisloy/lab/data/raw/animal-faces/afhq/train/cat/pixabay_cat_001907.jpg
train/cat/cat_0154.jpg,cat,train,64,64,0.503401,/Users/fuisloy/lab/data/raw/animal-faces/afhq/train/cat/pixabay_cat_003672.jpg
train/cat/cat_0155.jpg,cat,train,64,64,0.419549,/Users/fuisloy/lab/data/raw/animal-faces/afhq/train/cat/pixabay_cat_004123.jpg
train/cat/cat_0156.jpg,cat,train,64,64,0.484051,/Users/fuisloy/lab/data/raw/animal-faces/afhq/train/cat/pixabay_cat_000914.jpg
train/cat/cat_0157.jpg,cat,train,64,64,0.486296,/Users/fuisloy/lab/data/raw/animal-faces/afhq/train/cat/pixabay_cat_000927.jpg
train/cat/cat_0158.jpg,cat,train,64,64,0.480006,/Users/fuisloy/lab/data/raw/animal-faces/afhq/train/cat/pixabay_cat_002901.jpg
train/cat/cat_0159.jpg,cat,train,64,64,0.459673,/Users/fuisloy/lab/data/raw/animal-faces/afhq/train/cat/pixabay_cat_001312.jpg
train/cat/cat_0160.jpg,cat,train,64,64,0.354361,/Users/fuisloy/lab/data/raw/animal-faces/afhq/train/cat/pixabay_cat_004456.jpg
train/cat/cat_0161.jpg,cat,train,64,64,0.495968,/Users/fuisloy/lab/data/raw/animal-faces/afhq/train/cat/pixabay_cat_000462.jpg
train/cat/cat_0162.jpg,cat,train,64,64,0.280746,/Users/fuisloy/lab/data/raw/animal-faces/afhq/train/cat/pixabay_cat_004487.jpg
train/cat/cat_0163.jpg,cat,train,64,64,0.550950,/Users/fuisloy/lab/data/raw/animal-faces/afhq/train/cat/pixabay_cat_000445.jpg
train/cat/cat_0164.jpg,cat,train,64,64,0.550551,/Users/fuisloy/lab/data/raw/animal-faces/afhq/train/cat/pixabay_cat_004374.jpg
train/cat/cat_0165.jpg,cat,train,64,64,0.400926,/Users/fuisloy/lab/data/raw/animal-faces/afhq/train/cat/flickr_cat_000483.jpg
train/cat/cat_0166.jpg,cat,train,64,64,0.410621,/Users/fuisloy/lab/data/raw/animal-faces/afhq/train/cat/pixabay_cat_003126.jpg
train/cat/cat_0167.jpg,cat,train,64,64,0.566477,/Users/fuisloy/lab/data/raw/animal-faces/afhq/train/cat/pixabay_cat_004772.jpg
train/cat/cat_0168.jpg,cat,train,64,64,0.359008,/Users/fuisloy/lab/data/raw/animal-faces/afhq/train/cat/pixabay_cat_000030.jpg
train/cat/cat_0169.jpg,cat,train,64,64,0.536218,/Users/fuisloy/lab/data/raw/animal-faces/afhq/train/cat/pixabay_cat_004185.jpg
train/cat/cat_0170.jpg,cat,train,64,64,0.376409,/Users/fuisloy/lab/data/raw/animal-faces/afhq/train/cat/pixabay_cat_000193.jpg
train/cat/cat_0171.jpg,cat,train,64,64,0.403111,/Users/fuisloy/lab/data/raw/animal-faces/afhq/train/cat/pixabay_cat_004620.jpg
train/cat/cat_0172.jpg,cat,train,64,64,0.421522,/Users/fuisloy/lab/data/raw/animal-faces/afhq/val/cat/flickr_cat_000165.jpg
train/cat/cat_0173.jpg,cat,train,64,64,0.612760,/Users/fuisloy/lab/data/raw/animal-faces/afhq/train/cat/pixabay_cat_003656.jpg
train/cat/cat_0174.jpg,cat,train,64,64,0.484764,/Users/fuisloy/lab/data/raw/animal-faces/afhq/train/cat/pixabay_cat_002260.jpg
train/cat/cat_0175.jpg,cat,train,64,64,0.480380,/Users/fuisloy/lab/data/raw/animal-faces/afhq/train/cat/pixabay_cat_003784.jpg
train/cat/cat_0176.jpg,cat,train,64,64,0.458573,/Users/fuisloy/lab/data/raw/animal-faces/afhq/train/cat/pixabay_cat_000376.jpg
train/cat/cat_0177.jpg,cat,train,64,64,0.420591,/Users/fuisloy/lab/data/raw/animal-faces/afhq/train/cat/pixabay_cat_004580.jpg
train/cat/cat_0178.jpg,cat,train,64,64,0.319495,/Users/fuisloy/lab/data/raw/animal-faces/afhq/train/cat/pixabay_cat_003418.jpg
train/cat/cat_0179.jpg,cat,train,64,64,0.508182,/Users/fuisloy/lab/data/raw/animal-faces/afhq/train/cat/pixabay_cat_000800.jpg
train/cat/cat_0180.jpg,cat,train,64,64,0.665026,/Users/fuisloy/lab/data/raw/animal-faces/afhq/train/cat/pixabay_cat_000586.jpg
train/cat/cat_0181.jpg,cat,train,64,64,0.525511,/Users/fuisloy/lab/data/raw/animal-faces/afhq/train/cat/pixabay_cat_002623.jpg
train/cat/cat_0182.jpg,cat,train,64,64,0.399782,/Users/fuisloy/lab/data/raw/animal-faces/afhq/train/cat/pixabay_cat_003193.jpg
train/cat/cat_0183.jpg,cat,train,64,64,0.615688,/Users/fuisloy/lab/data/raw/animal-faces/afhq/train/cat/pixabay_cat_003192.jpg
train/cat/cat_0184.jpg,cat,train,64,64,0.568973,/Users/fuisloy/lab/data/raw/animal-faces/afhq/train/cat/pixabay_cat_000981.jpg
train/cat/cat_0185.jpg,cat,train,64,64,0.349800,/Users/fuisloy/lab/data/raw/animal-faces/afhq/train/cat/pixabay_cat_000849.jpg
train/cat/cat_0186.jpg,cat,train,64,64,0.553145,/Users/fuisloy/lab/data/raw/animal-faces/afhq/train/cat/pixabay_cat_001028.jpg
train/cat/cat_0187.jpg,cat,train,64,64,0.378758,/Users/fuisloy/lab/data/raw/animal-faces/afhq/train/cat/pixabay_cat_004226.jpg
train/cat/cat_0188.jpg,cat,train,64,64,0.490693,/Users/fuisloy/lab/data/raw/animal-faces/afhq/train/cat/pixabay_cat_000836.jpg
train/cat/cat_0189.jpg,cat,train,64,64,0.240432,/Users/fuisloy/lab/data/raw/animal-faces/afhq/train/cat/pixabay_cat_002010.jpg
train/cat/cat_0190.jpg,cat,train,64,64,0.364261,/Users/fuisloy/lab/data/raw/animal-faces/afhq/train/cat/pixabay_cat_001486.jpg
train/cat/cat_0191.jpg,cat,train,64,64,0.251610,/Users/fuisloy/lab/data/raw/animal-faces/afhq/train/cat/pixabay_cat_003947.jpg
train/cat/cat_0192.jpg,cat,train,64,64,0.447138,/Users/fuisloy/lab/data/raw/animal-faces/afhq/train/cat/flickr_cat_000405.jpg
train/cat/cat_0193.jpg,cat,train,64,64,0.329269,/Users/fuisloy/lab/data/raw/animal-faces/afhq/train/cat/pixabay_cat_003845.jpg
train/cat/cat_0194.jpg,cat,train,64,64,0.400409,/Users/fuisloy/lab/data/raw/animal-faces/afhq/train/cat/flickr_cat_000105.jpg
train/cat/cat_0195.jpg,cat,train,64,64,0.449895,/Users/fuisloy/lab/data/raw/animal-faces/afhq/train/cat/pixabay_cat_003735.jpg
train/cat/cat_0196.jpg,cat,train,64,64,0.589619,/Users/fuisloy/lab/data/raw/animal-faces/afhq/train/cat/pixabay_cat_001918.jpg
train/cat/cat_0197.jpg,cat,train,64,64,0.387659,/Users/fuisloy/lab/data/raw/animal-faces/afhq/train/cat/flickr_cat_000035.jpg
train/cat/cat_0198.jpg,cat,train,64,64,0.473341,/Users/fuisloy/lab/data/raw/animal-faces/afhq/train/cat/flickr_cat_000273.jpg
train/cat/cat_0199.jpg,cat,train,64,64,0.368362,/Users/fuisloy/lab/data/raw/animal-faces/afhq/train/cat/flickr_cat_000670.jpg
train/cat/cat_0200.jpg,cat,train,64,64,0.565215,/Users/fuisloy/lab/data/raw/animal-faces/afhq/train/cat/pixabay_cat_004481.jpg
train/cat/cat_0201.jpg,cat,train,64,64,0.613118,/Users/fuisloy/lab/data/raw/animal-faces/afhq/train/cat/pixabay_cat_004442.jpg
train/cat/cat_0202.jpg,cat,train,64,64,0.649243,/Users/fuisloy/lab/data/raw/animal-faces/afhq/train/cat/pixabay_cat_002756.jpg
train/cat/cat_0203.jpg,cat,train,64,64,0.393882,/Users/fuisloy/lab/data/raw/animal-faces/afhq/val/cat/pixabay_cat_003577.jpg
train/cat/cat_0204.jpg,cat,train,64,64,0.493049,/Users/fuisloy/lab/data/raw/animal-faces/afhq/val/cat/pixabay_cat_004586.jpg
train/cat/cat_0205.jpg,cat,train,64,64,0.485963,/Users/fuisloy/lab/data/raw/animal-faces/afhq/train/cat/pixabay_cat_002595.jpg
train/cat/cat_0206.jpg,cat,train,64,64,0.379127,/Users/fuisloy/lab/data/raw/animal-faces/afhq/train/cat/pixabay_cat_001472.jpg
train/cat/cat_0207.jpg,cat,train,64,64,0.533610,/Users/fuisloy/lab/data/raw/animal-faces/afhq/val/cat/pixabay_cat_000010.jpg
train/cat/cat_0208.jpg,cat,train,64,64,0.333105,/Users/fuisloy/lab/data/raw/animal-faces/afhq/train/cat/pixabay_cat_004758.jpg
train/cat/cat_0209.jpg,cat,train,64,64,0.265571,/Users/fuisloy/lab/data/raw/animal-faces/afhq/train/cat/pixabay_cat_002782.jpg
val/cat/cat_0000.jpg,cat,val,64,64,0.422358,/Users/fuisloy/lab/data/raw/animal-faces/afhq/train/cat/pixabay_cat_004027.jpg
val/cat/cat_0001.jpg,cat,val,64,64,0.406923,/Users/fuisloy/lab/data/raw/animal-faces/afhq/train/cat/pixabay_cat_000326.jpg
val/cat/cat_0002.jpg,cat,val,64,64,0.174661,/Users/fuisloy/lab/data/raw/animal-faces/afhq/train/cat/pixabay_cat_002384.jpg
val/cat/cat_0003.jpg,cat,val,64,64,0.356317,/Users/fuisloy/lab/data/raw/animal-faces/afhq/val/cat/pixabay_cat_000812.jpg
val/cat/cat_0004.jpg,cat,val,64,64,0.517370,/Users/fuisloy/lab/data/raw/animal-faces/afhq/train/cat/pixabay_cat_004112.jpg
val/cat/cat_0005.jpg,cat,val,64,64,0.540673,/Users/fuisloy/lab/data/raw/animal-faces/afhq/train/cat/pixabay_cat_002436.jpg
val/cat/cat_0006.jpg,cat,val,64,64,0.360337,/Users/fuisloy/lab/data/raw/animal-faces/afhq/train/cat/pixabay_cat_002863.jpg
val/cat/cat_0007.jpg,cat,val,64,64,0.392181,/Users/fuisloy/lab/data/raw/animal-faces/afhq/train/cat/pixabay_cat_003679.jpg
val/cat/cat_0008.jpg,cat,val,64,64,0.401426,/Users/fuisloy/lab/data/raw/animal-faces/afhq/val/cat/pixabay_cat_000353.jpg
val/cat/cat_0009.jpg,cat,val,64,64,0.606408,/Users/fuisloy/lab/data/raw/animal-faces/afhq/train/cat/pixabay_cat_003769.jpg
val/cat/cat_0010.jpg,cat,val,64,64,0.470482,/Users/fuisloy/lab/data/raw/animal-faces/afhq/train/cat/flickr_cat_000493.jpg
val/cat/cat_0011.jpg,cat,val,64,64,0.324322,/Users/fuisloy/lab/data/raw/animal-faces/afhq/train/cat/pixabay_cat_003709.jpg
val/cat/cat_0012.jpg,cat,val,64,64,0.463559,/Users/fuisloy/lab/data/raw/animal-faces/afhq/train/cat/flickr_cat_000487.jpg
val/cat/cat_0013.jpg,cat,val,64,64,0.378239,/Users/fuisloy/lab/data/raw/animal-faces/afhq/train/cat/pixabay_cat_003093.jpg
val/cat/cat_0014.jpg,cat,val,64,64,0.518446,/Users/fuisloy/lab/data/raw/animal-faces/afhq/train/cat/pixabay_cat_000965.jpg
val/cat/cat_0015.jpg,cat,val,64,64,0.392615,/Users/fuisloy/lab/data/raw/animal-faces/afhq/train/cat/pixabay_cat_002983.jpg
val/cat/cat_0016.jpg,cat,val,64,64,0.337740,/Users/fuisloy/lab/data/raw/animal-faces/afhq/val/cat/pixabay_cat_004584.jpg
val/cat/cat_0017.jpg,cat,val,64,64,0.375753,/Users/fuisloy/lab/data/raw/animal-faces/afhq/train/cat/pixabay_cat_002047.jpg
val/cat/cat_0018.jpg,cat,val,64,64,0.589677,/Users/fuisloy/lab/data/raw/animal-faces/afhq/train/cat/flickr_cat_000229.jpg
val/cat/cat_0019.jpg,cat,val,64,64,0.392761,/Users/fuisloy/lab/data/raw/animal-faces/afhq/train/cat/pixabay_cat_000428.jpg
val/cat/cat_0020.jpg,cat,val,64,64,0.559653,/Users/fuisloy/lab/data/raw/animal-faces/afhq/train/cat/pixabay_cat_000052.jpg
val/cat/cat_0021.jpg,cat,val,64,64,0.589410,/Users/fuisloy/lab/data/raw/animal-faces/afhq/train/cat/pixabay_cat_002492.jpg
val/cat/cat_0022.jpg,cat,val,64,64,0.430883,/Users/fuisloy/lab/data/raw/animal-faces/afhq/train/cat/pixabay_cat_000016.jpg
val/cat/cat_0023.jpg,cat,val,64,64,0.647369,/Users/fuisloy/lab/data/raw/animal-faces/afhq/train/cat/pixabay_cat_000461.jpg
val/cat/cat_0024.jpg,cat,val,64,64,0.338682,/Users/fuisloy/lab/data/raw/animal-faces/afhq/train/cat/pixabay_cat_004811.jpg
val/cat/cat_0025.jpg,cat,val,64,64,0.554260,/Users/fuisloy/lab/data/raw/animal-faces/afhq/train/cat/pixabay_cat_003770.jpg
val/cat/cat_0026.jpg,cat,val,64,64,0.383366,/Users/fuisloy/lab/data/raw/animal-faces/afhq/train/cat/pixabay_cat_003542.jpg
val/cat/cat_0027.jpg,cat,val,64,64,0.422280,/Users/fuisloy/lab/data/raw/animal-faces/afhq/train/cat/pixabay_cat_001157.jpg
val/cat/cat_0028.jpg,cat,val,64,64,0.568053,/Users/fuisloy/lab/data/raw/animal-faces/afhq/train/cat/pixabay_cat_003227.jpg
val/cat/cat_0029.jpg,cat,val,64,64,0.419285,/Users/fuisloy/lab/data/raw/animal-faces/afhq/train/cat/pixabay_cat_003376.jpg
val/cat/cat_0030.jpg,cat,val,64,64,0.563868,/Users/fuisloy/lab/data/raw/animal-faces/afhq/val/cat/flickr_cat_000233.jpg
val/cat/cat_0031.jpg,cat,val,64,64,0.598143,/Users/fuisloy/lab/data/raw/animal-faces/afhq/train/cat/pixabay_cat_004642.jpg
val/cat/cat_0032.jpg,cat,val,64,64,0.519463,/Users/fuisloy/lab/data/raw/animal-faces/afhq/train/cat/pixabay_cat_004397.jpg
val/cat/cat_0033.jpg,cat,val,64,64,0.400766,/Users/fuisloy/lab/data/raw/animal-faces/afhq/train/cat/pixabay_cat_001972.jpg
val/cat/cat_0034.jpg,cat,val,64,64,0.504326,/Users/fuisloy/lab/data/raw/animal-faces/afhq/train/cat/pixabay_cat_002352.jpg
val/cat/cat_0035.jpg,cat,val,64,64,0.370935,/Users/fuisloy/lab/data/raw/animal-faces/afhq/train/cat/pixabay_cat_002680.jpg
val/cat/cat_0036.jpg,cat,val,64,64,0.427431,/Users/fuisloy/lab/data/raw/animal-faces/afhq/train/cat/pixabay_cat_000207.jpg
val/cat/cat_0037.jpg,cat,val,64,64,0.227996,/Users/fuisloy/lab/data/raw/animal-faces/afhq/train/cat/pixabay_cat_004529.jpg
val/cat/cat_0038.jpg,cat,val,64,64,0.525580,/Users/fuisloy/lab/data/raw/animal-faces/afhq/train/cat/pixabay_cat_002714.jpg
val/cat/cat_0039.jpg,cat,val,64,64,0.470041,/Users/fuisloy/lab/data/raw/animal-faces/afhq/train/cat/flickr_cat_000169.jpg
val/cat/cat_0040.jpg,cat,val,64,64,0.489576,/Users/fuisloy/lab/data/raw/animal-faces/afhq/train/cat/pixabay_cat_001894.jpg
val/cat/cat_0041.jpg,cat,val,64,64,0.530694,/Users/fuisloy/lab/data/raw/animal-faces/afhq/train/cat/pixabay_cat_001237.jpg
val/cat/cat_0042.jpg,cat,val,64,64,0.508608,/Users/fuisloy/lab/data/raw/animal-faces/afhq/train/cat/flickr_cat_000550.jpg
val/cat/cat_0043.jpg,cat,val,64,64,0.390646,/Users/fuisloy/lab/data/raw/animal-faces/afhq/train/cat/pixabay_cat_000135.jpg
val/cat/cat_0044.jpg,cat,val,64,64,0.423072,/Users/fuisloy/lab/data/raw/animal-faces/afhq/train/cat/pixabay_cat_004404.jpg
test/cat/cat_0000.jpg,cat,test,64,64,0.538470,/Users/fuisloy/lab/data/raw/animal-faces/afhq/train/cat/flickr_cat_000359.jpg
test/cat/cat_0001.jpg,cat,test,64,64,0.476347,/Users/fuisloy/lab/data/raw/animal-faces/afhq/train/cat/pixabay_cat_002297.jpg
test/cat/cat_0002.jpg,cat,test,64,64,0.447673,/Users/fuisloy/lab/data/raw/animal-faces/afhq/train/cat/pixabay_cat_004799.jpg
test/cat/cat_0003.jpg,cat,test,64,64,0.529344,/Users/fuisloy/lab/data/raw/animal-faces/afhq/train/cat/pixabay_cat_004009.jpg
test/cat/cat_0004.jpg,cat,test,64,64,0.390794,/Users/fuisloy/lab/data/raw/animal-faces/afhq/train/cat/pixabay_cat_003256.jpg
test/cat/cat_0005.jpg,cat,test,64,64,0.350820,/Users/fuisloy/lab/data/raw/animal-faces/afhq/val/cat/pixabay_cat_003486.jpg
test/cat/cat_0006.jpg,cat,test,64,64,0.509431,/Users/fuisloy/lab/data/raw/animal-faces/afhq/train/cat/pixabay_cat_003032.jpg
test/cat/cat_0007.jpg,cat,test,64,64,0.222204,/Users/fuisloy/lab/data/raw/animal-faces/afhq/train/cat/pixabay_cat_002503.jpg
test/cat/cat_0008.jpg,cat,test,64,64,0.469275,/Users/fuisloy/lab/data/raw/animal-faces/afhq/train/cat/pixabay_cat_004556.jpg
test/cat/cat_0009.jpg,cat,test,64,64,0.522602,/Users/fuisloy/lab/data/raw/animal-faces/afhq/train/cat/pixabay_cat_001037.jpg
test/cat/cat_0010.jpg,cat,test,64,64,0.375444,/Users/fuisloy/lab/data/raw/animal-faces/afhq/train/cat/pixabay_cat_002493.jpg
test/cat/cat_0011.jpg,cat,test,64,64,0.444479,/Users/fuisloy/lab/data/raw/animal-faces/afhq/train/cat/pixabay_cat_004060.jpg
test/cat/cat_0012.jpg,cat,test,64,64,0.578676,/Users/fuisloy/lab/data/raw/animal-faces/afhq/train/cat/pixabay_cat_000399.jpg
test/cat/cat_0013.jpg,cat,test,64,64,0.435683,/Users/fuisloy/lab/data/raw/animal-faces/afhq/train/cat/flickr_cat_000811.jpg
test/cat/cat_0014.jpg,cat,test,64,64,0.631981,/Users/fuisloy/lab/data/raw/animal-faces/afhq/train/cat/pixabay_cat_002266.jpg
test/cat/cat_0015.jpg,cat,test,64,64,0.502249,/Users/fuisloy/lab/data/raw/animal-faces/afhq/train/cat/pixabay_cat_004054.jpg
test/cat/cat_0016.jpg,cat,test,64,64,0.450461,/Users/fuisloy/lab/data/raw/animal-faces/afhq/train/cat/pixabay_cat_001983.jpg
test/cat/cat_0017.jpg,cat,test,64,64,0.327283,/Users/fuisloy/lab/data/raw/animal-faces/afhq/train/cat/pixabay_cat_002601.jpg
test/cat/cat_0018.jpg,cat,test,64,64,0.386275,/Users/fuisloy/lab/data/raw/animal-faces/afhq/train/cat/pixabay_cat_001374.jpg
test/cat/cat_0019.jpg,cat,test,64,64,0.401145,/Users/fuisloy/lab/data/raw/animal-faces/afhq/train/cat/pixabay_cat_001670.jpg
test/cat/cat_0020.jpg,cat,test,64,64,0.437942,/Users/fuisloy/lab/data/raw/animal-faces/afhq/train/cat/pixabay_cat_002689.jpg
test/cat/cat_0021.jpg,cat,test,64,64,0.641765,/Users/fuisloy/lab/data/raw/animal-faces/afhq/train/cat/pixabay_cat_004274.jpg
test/cat/cat_0022.jpg,cat,test,64,64,0.367583,/Users/fuisloy/lab/data/raw/animal-faces/afhq/train/cat/flickr_cat_000664.jpg
test/cat/cat_0023.jpg,cat,test,64,64,0.528276,/Users/fuisloy/lab/data/raw/animal-faces/afhq/train/cat/pixabay_cat_000374.jpg
test/cat/cat_0024.jpg,cat,test,64,64,0.216386,/Users/fuisloy/lab/data/raw/animal-faces/afhq/train/cat/flickr_cat_000426.jpg
test/cat/cat_0025.jpg,cat,test,64,64,0.417366,/Users/fuisloy/lab/data/raw/animal-faces/afhq/train/cat/pixabay_cat_003214.jpg
test/cat/cat_0026.jpg,cat,test,64,64,0.426794,/Users/fuisloy/lab/data/raw/animal-faces/afhq/train/cat/pixabay_cat_002049.jpg
test/cat/cat_0027.jpg,cat,test,64,64,0.486820,/Users/fuisloy/lab/data/raw/animal-faces/afhq/train/cat/pixabay_cat_002564.jpg
test/cat/cat_0028.jpg,cat,test,64,64,0.405752,/Users/fuisloy/lab/data/raw/animal-faces/afhq/val/cat/pixabay_cat_001143.jpg
test/cat/cat_0029.jpg,cat,test,64,64,0.499273,/Users/fuisloy/lab/data/raw/animal-faces/afhq/train/cat/pixabay_cat_004522.jpg
test/cat/cat_0030.jpg,cat,test,64,64,0.563636,/Users/fuisloy/lab/data/raw/animal-faces/afhq/train/cat/pixabay_cat_004254.jpg
test/cat/cat_0031.jpg,cat,test,64,64,0.696567,/Users/fuisloy/lab/data/raw/animal-faces/afhq/train/cat/pixabay_cat_003805.jpg
test/cat/cat_0032.jpg,cat,test,64,64,0.762728,/Users/fuisloy/lab/data/raw/animal-faces/afhq/train/cat/pixabay_cat_000815.jpg
test/cat/cat_0033.jpg,cat,test,64,64,0.708249,/Users/fuisloy/lab/data/raw/animal-faces/afhq/train/cat/pixabay_cat_000718.jpg
test/cat/cat_0034.jpg,cat,test,64,64,0.541530,/Users/fuisloy/lab/data/raw/animal-faces/afhq/train/cat/pixabay_cat_003336.jpg
test/cat/cat_0035.jpg,cat,test,64,64,0.601111,/Users/fuisloy/lab/data/raw/animal-faces/afhq/train/cat/pixabay_cat_004168.jpg
test/cat/cat_0036.jpg,cat,test,64,64,0.402594,/Users/fuisloy/lab/data/raw/animal-faces/afhq/val/cat/pixabay_cat_000441.jpg
test/cat/cat_0037.jpg,cat,test,64,64,0.663362,/Users/fuisloy/lab/data/raw/animal-faces/afhq/train/cat/flickr_cat_000093.jpg
test/cat/cat_0038.jpg,cat,test,64,64,0.449738,/Users/fuisloy/lab/data/raw/animal-faces/afhq/train/cat/pixabay_cat_003351.jpg
test/cat/cat_0039.jpg,cat,test,64,64,0.612314,/Users/fuisloy/lab/data/raw/animal-faces/afhq/train/cat/pixabay_cat_001928.jpg
test/cat/cat_0040.jpg,cat,test,64,64,0.411684,/Users/fuisloy/lab/data/raw/animal-faces/afhq/train/cat/pixabay_cat_002638.jpg
test/cat/cat_0041.jpg,cat,test,64,64,0.662733,/Users/fuisloy/lab/data/raw/animal-faces/afhq/val/cat/pixabay_cat_000181.jpg
test/cat/cat_0042.jpg,cat,test,64,64,0.442330,/Users/fuisloy/lab/data/raw/animal-faces/afhq/train/cat/pixabay_cat_004641.jpg
test/cat/cat_0043.jpg,cat,test,64,64,0.311112,/Users/fuisloy/lab/data/raw/animal-faces/afhq/train/cat/pixabay_cat_000769.jpg
test/cat/cat_0044.jpg,cat,test,64,64,0.518929,/Users/fuisloy/lab/data/raw/animal-faces/afhq/train/cat/pixabay_cat_001418.jpg
train/dog/dog_0000.jpg,dog,train,64,64,0.694069,/Users/fuisloy/lab/data/raw/animal-faces/afhq/val/dog/flickr_dog_000737.jpg
train/dog/dog_0001.jpg,dog,train,64,64,0.473100,/Users/fuisloy/lab/data/raw/animal-faces/afhq/train/dog/pixabay_dog_001659.jpg
train/dog/dog_0002.jpg,dog,train,64,64,0.426334,/Users/fuisloy/lab/data/raw/animal-faces/afhq/train/dog/pixabay_dog_000312.jpg
train/dog/dog_0003.jpg,dog,train,64,64,0.496694,/Users/fuisloy/lab/data/raw/animal-faces/afhq/train/dog/flickr_dog_000149.jpg
train/dog/dog_0004.jpg,dog,train,64,64,0.342719,/Users/fuisloy/lab/data/raw/animal-faces/afhq/train/dog/pixabay_dog_001682.jpg
train/dog/dog_0005.jpg,dog,train,64,64,0.357078,/Users/fuisloy/lab/data/raw/animal-faces/afhq/train/dog/pixabay_dog_000013.jpg
train/dog/dog_0006.jpg,dog,train,64,64,0.450533,/Users/fuisloy/lab/data/raw/animal-faces/afhq/train/dog/pixabay_dog_000621.jpg
train/dog/dog_0007.jpg,dog,train,64,64,0.405883,/Users/fuisloy/lab/data/raw/animal-faces/afhq/train/dog/pixabay_dog_003439.jpg
train/dog/dog_0008.jpg,dog,train,64,64,0.555941,/Users/fuisloy/lab/data/raw/animal-faces/afhq/train/dog/pixabay_dog_000808.jpg
train/dog/dog_0009.jpg,dog,train,64,64,0.277932,/Users/fuisloy/lab/data/raw/animal-faces/afhq/train/dog/pixabay_dog_003664.jpg
train/dog/dog_0010.jpg,dog,train,64,64,0.546858,/Users/fuisloy/lab/data/raw/animal-faces/afhq/val/dog/flickr_dog_000104.jpg
train/dog/dog_0011.jpg,dog,train,64,64,0.420671,/Users/fuisloy/lab/data/raw/animal-faces/afhq/train/dog/pixabay_dog_001163.jpg
train/dog/dog_0012.jpg,dog,train,64,64,0.375612,/Users/fuisloy/lab/data/raw/animal-faces/afhq/train/dog/pixabay_dog_000752.jpg
train/dog/dog_0013.jpg,dog,train,64,64,0.372086,/Users/fuisloy/lab/data/raw/animal-faces/afhq/train/dog/pixabay_dog_003256.jpg
train/dog/dog_0014.jpg,dog,train,64,64,0.484374,/Users/fuisloy/lab/data/raw/animal-faces/afhq/val/dog/pixabay_dog_002897.jpg
train/dog/dog_0015.jpg,dog,train,64,64,0.527400,/Users/fuisloy/lab/data/raw/animal-faces/afhq/train/dog/pixabay_dog_000840.jpg
train/dog/dog_0016.jpg,dog,train,64,64,0.366897,/Users/fuisloy/lab/data/raw/animal-faces/afhq/train/dog/pixabay_dog_003647.jpg
train/dog/dog_0017.jpg,dog,train,64,64,0.541131,/Users/fuisloy/lab/data/raw/animal-faces/afhq/train/dog/pixabay_dog_002487.jpg
train/dog/dog_0018.jpg,dog,train,64,64,0.441523,/Users/fuisloy/lab/data/raw/animal-faces/afhq/train/dog/flickr_dog_000554.jpg
train/dog/dog_0019.jpg,dog,train,64,64,0.486524,/Users/fuisloy/lab/data/raw/animal-faces/afhq/train/dog/pixabay_dog_001124.jpg
train/dog/dog_0020.jpg,dog,train,64,64,0.454281,/Users/fuisloy/lab/data/raw/animal-faces/afhq/train/dog/pixabay_dog_000613.jpg
train/dog/dog_0021.jpg,dog,train,64,64,0.532878,/Users/fuisloy/lab/data/raw/animal-faces/afhq/val/dog/flickr_dog_000856.jpg
train/dog/dog_0022.jpg,dog,train,64,64,0.544712,/Users/fuisloy/lab/data/raw/animal-faces/afhq/train/dog/flickr_dog_000990.jpg
train/dog/dog_0023.jpg,dog,train,64,64,0.501050,/Users/fuisloy/lab/data/raw/animal-faces/afhq/train/dog/pixabay_dog_003874.jpg
train/dog/dog_0024.jpg,dog,train,64,64,0.492968,/Users/fuisloy/lab/data/raw/animal-faces/afhq/val/dog/pixabay_dog_002957.jpg
train/dog/dog_0025.jpg,dog,train,64,64,0.347850,/Users/fuisloy/lab/data/raw/animal-faces/afhq/train/dog/pixabay_dog_001809.jpg
train/dog/dog_0026.jpg,dog,train,64,64,0.483599,/Users/fuisloy/lab/data/raw/animal-faces/afhq/train/dog/pixabay_dog_002694.jpg
train/dog/dog_0027.jpg,dog,train,64,64,0.496054,/Users/fuisloy/lab/data/raw/animal-faces/afhq/train/dog/pixabay_dog_000954.jpg
train/dog/dog_0028.jpg,dog,train,64,64,0.445601,/Users/fuisloy/lab/data/raw/animal-faces/afhq/train/dog/pixabay_dog_002028.jpg
train/dog/dog_0029.jpg,dog,train,64,64,0.576334,/Users/fuisloy/lab/data/raw/animal-faces/afhq/train/dog/flickr_dog_001159.jpg
train/dog/dog_0030.jpg,dog,train,64,64,0.350397,/Users/fuisloy/lab/data/raw/animal-faces/afhq/train/dog/flickr_dog_000566.jpg
train/dog/dog_0031.jpg,dog,train,64,64,0.251859,/Users/fuisloy/lab/data/raw/animal-faces/afhq/train/dog/pixabay_dog_003801.jpg
train/dog/dog_0032.jpg,dog,train,64,64,0.558346,/Users/fuisloy/lab/data/raw/animal-faces/afhq/train/dog/pixabay_dog_003522.jpg
train/dog/dog_0033.jpg,dog,train,64,64,0.553791,/Users/fuisloy/lab/data/raw/animal-faces/afhq/train/dog/pixabay_dog_003958.jpg
train/dog/dog_0034.jpg,dog,train,64,64,0.466504,/Users/fuisloy/lab/data/raw/animal-faces/afhq/train/dog/pixabay_dog_002627.jpg
train/dog/dog_0035.jpg,dog,train,64,64,0.419354,/Users/fuisloy/lab/data/raw/animal-faces/afhq/train/dog/pixabay_dog_003915.jpg
train/dog/dog_0036.jpg,dog,train,64,64,0.297369,/Users/fuisloy/lab/data/raw/animal-faces/afhq/train/dog/pixabay_dog_002826.jpg
train/dog/dog_0037.jpg,dog,train,64,64,0.508643,/Users/fuisloy/lab/data/raw/animal-faces/afhq/train/dog/pixabay_dog_000754.jpg
train/dog/dog_0038.jpg,dog,train,64,64,0.566758,/Users/fuisloy/lab/data/raw/animal-faces/afhq/train/dog/pixabay_dog_002204.jpg
train/dog/dog_0039.jpg,dog,train,64,64,0.410519,/Users/fuisloy/lab/data/raw/animal-faces/afhq/train/dog/pixabay_dog_002086.jpg
train/dog/dog_0040.jpg,dog,train,64,64,0.471873,/Users/fuisloy/lab/data/raw/animal-faces/afhq/train/dog/flickr_dog_000870.jpg
train/dog/dog_0041.jpg,dog,train,64,64,0.460222,/Users/fuisloy/lab/data/raw/animal-faces/afhq/train/dog/pixabay_dog_002901.jpg
train/dog/dog_0042.jpg,dog,train,64,64,0.315970,/Users/fuisloy/lab/data/raw/animal-faces/afhq/train/dog/pixabay_dog_000787.jpg
train/dog/dog_0043.jpg,dog,train,64,64,0.279869,/Users/fuisloy/lab/data/raw/animal-faces/afhq/train/dog/flickr_dog_000283.jpg
train/dog/dog_0044.jpg,dog,train,64,64,0.330394,/Users/fuisloy/lab/data/raw/animal-faces/afhq/train/dog/pixabay_dog_001391.jpg
train/dog/dog_0045.jpg,dog,train,64,64,0.460488,/Users/fuisloy/lab/data/raw/animal-faces/afhq/val/dog/pixabay_dog_001145.jpg
train/dog/dog_0046.jpg,dog,train,64,64,0.445583,/Users/fuisloy/lab/data/raw/animal-faces/afhq/train/dog/pixabay_dog_003013.jpg
train/dog/dog_0047.jpg,dog,train,64,64,0.426704,/Users/fuisloy/lab/data/raw/animal-faces/afhq/train/dog/pixabay_dog_001915.jpg
train/dog/dog_0048.jpg,dog,train,64,64,0.389939,/Users/fuisloy/lab/data/raw/animal-faces/afhq/train/dog/pixabay_dog_002796.jpg
train/dog/dog_0049.jpg,dog,train,64,64,0.647060,/Users/fuisloy/lab/data/raw/animal-faces/afhq/train/dog/pixabay_dog_002346.jpg
train/dog/dog_0050.jpg,dog,train,64,64,0.313711,/Users/fuisloy/lab/data/raw/animal-faces/afhq/val/dog/pixabay_dog_001085.jpg
train/dog/dog_0051.jpg,dog,train,64,64,0.416333,/Users/fuisloy/lab/data/raw/animal-faces/afhq/val/dog/pixabay_dog_001530.jpg
train/dog/dog_0052.jpg,dog,train,64,64,0.549831,/Users/fuisloy/lab/data/raw/animal-faces/afhq/val/dog/flickr_dog_000174.jpg
train/dog/dog_0053.jpg,dog,train,64,64,0.404240,/Users/fuisloy/lab/data/raw/animal-faces/afhq/train/dog/pixabay_dog_000716.jpg
train/dog/dog_0054.jpg,dog,train,64,64,0.375849,/Users/fuisloy/lab/data/raw/animal-faces/afhq/train/dog/pixabay_dog_002769.jpg
train/dog/dog_0055.jpg,dog,train,64,64,0.401954,/Users/fuisloy/lab/data/raw/animal-faces/afhq/train/dog/pixabay_dog_002967.jpg
train/dog/dog_0056.jpg,dog,train,64,64,0.633520,/Users/fuisloy/lab/data/raw/animal-faces/afhq/train/dog/pixabay_dog_002966.jpg
train/dog/dog_0057.jpg,dog,train,64,64,0.599933,/Users/fuisloy/lab/data/raw/animal-faces/afhq/val/dog/flickr_dog_000814.jpg
train/dog/dog_0058.jpg,dog,train,64,64,0.459793,/Users/fuisloy/lab/data/raw/animal-faces/afhq/train/dog/pixabay_dog_003400.jpg
train/dog/dog_0059.jpg,dog,train,64,64,0.426247,/Users/fuisloy/lab/data/raw/animal-faces/afhq/train/dog/pixabay_dog_000297.jpg
train/dog/dog_0060.jpg,dog,train,64,64,0.521128,/Users/fuisloy/lab/data/raw/animal-faces/afhq/train/dog/flickr_dog_000876.jpg
train/dog/dog_0061.jpg,dog,train,64,64,0.387676,/Users/fuisloy/lab/data/raw/animal-faces/afhq/train/dog/pixabay_dog_000970.jpg
train/dog/dog_0062.jpg,dog,train,64,64,0.745743,/Users/fuisloy/lab/data/raw/animal-faces/afhq/train/dog/flickr_dog_000044.jpg
train/dog/dog_0063.jpg,dog,train,64,64,0.455558,/Users/fuisloy/lab/data/raw/animal-faces/afhq/train/dog/pixabay_dog_001710.jpg
train/dog/dog_0064.jpg,dog,train,64,64,0.332314,/Users/fuisloy/lab/data/raw/animal-faces/afhq/train/dog/pixabay_dog_000879.jpg
train/dog/dog_0065.jpg,dog,train,64,64,0.228001,/Users/fuisloy/lab/data/raw/animal-faces/afhq/train/dog/flickr_dog_000765.jpg
train/dog/dog_0066.jpg,dog,train,64,64,0.371066,/Users/fuisloy/lab/data/raw/animal-faces/afhq/train/dog/flickr_dog_001076.jpg
train/dog/dog_0067.jpg,dog,train,64,64,0.394334,/Users/fuisloy/lab/data/raw/animal-faces/afhq/train/dog/pixabay_dog_002923.jpg
train/dog/dog_0068.jpg,dog,train,64,64,0.683751,/Users/fuisloy/lab/data/raw/animal-faces/afhq/train/dog/pixabay_dog_002353.jpg
train/dog/dog_0069.jpg,dog,train,64,64,0.562903,/Users/fuisloy/lab/data/raw/animal-faces/afhq/train/dog/pixabay_dog_000864.jpg
train/dog/dog_0070.jpg,dog,train,64,64,0.554311,/Users/fuisloy/lab/data/raw/animal-faces/afhq/train/dog/pixabay_dog_000981.jpg
train/dog/dog_0071.jpg,dog,train,64,64,0.546320,/Users/fuisloy/lab/data/raw/animal-faces/afhq/train/dog/pixabay_dog_003212.jpg
train/dog/dog_0072.jpg,dog,train,64,64,0.455806,/Users/fuisloy/lab/data/raw/animal-faces/afhq/train/dog/pixabay_dog_002545.jpg
train/dog/dog_0073.jpg,dog,train,64,64,0.290592,/Users/fuisloy/lab/data/raw/animal-faces/afhq/train/dog/flickr_dog_000755.jpg
train/dog/dog_0074.jpg,dog,train,64,64,0.396241,/Users/fuisloy/lab/data/raw/animal-faces/afhq/train/dog/pixabay_dog_003375.jpg
train/dog/dog_0075.jpg,dog,train,64,64,0.616703,/Users/fuisloy/lab/data/raw/animal-faces/afhq/train/dog/pixabay_dog_001214.jpg
train/dog/dog_0076.jpg,dog,train,64,64,0.514371,/Users/fuisloy/lab/data/raw/animal-faces/afhq/train/dog/pixabay_dog_002244.jpg
train/dog/dog_0077.jpg,dog,train,64,64,0.534983,/Users/fuisloy/lab/data/raw/animal-faces/afhq/train/dog/pixabay_dog_000068.jpg
train/dog/dog_0078.jpg,dog,train,64,64,0.585510,/Users/fuisloy/lab/data/raw/animal-faces/afhq/train/dog/pixabay_dog_002972.jpg
train/dog/dog_0079.jpg,dog,train,64,64,0.341627,/Users/fuisloy/lab/data/raw/animal-faces/afhq/train/dog/pixabay_dog_003124.jpg
train/dog/dog_0080.jpg,dog,train,64,64,0.398477,/Users/fuisloy/lab/data/raw/animal-faces/afhq/train/dog/pixabay_dog_000174.jpg
train/dog/dog_0081.jpg,dog,train,64,64,0.559847,/Users/fuisloy/lab/data/raw/animal-faces/afhq/train/dog/pixabay_dog_003477.jpg
train/dog/dog_0082.jpg,dog,train,64,64,0.403375,/Users/fuisloy/lab/data/raw/animal-faces/afhq/train/dog/pixabay_dog_001623.jpg
train/dog/dog_0083.jpg,dog,train,64,64,0.566218,/Users/fuisloy/lab/data/raw/animal-faces/afhq/train/dog/pixabay_dog_002546.jpg
train/dog/dog_0084.jpg,dog,train,64,64,0.564689,/Users/fuisloy/lab/data/raw/animal-faces/afhq/train/dog/pixabay_dog_000389.jpg
train/dog/dog_0085.jpg,dog,train,64,64,0.495626,/Users/fuisloy/lab/data/raw/animal-faces/afhq/train/dog/pixabay_dog_003127.jpg
train/dog/dog_0086.jpg,dog,train,64,64,0.423258,/Users/fuisloy/lab/data/raw/animal-faces/afhq/train/dog/pixabay_dog_001238.jpg
train/dog/dog_0087.jpg,dog,train,64,64,0.551318,/Users/fuisloy/lab/data/raw/animal-faces/afhq/train/dog/pixabay_dog_001587.jpg
train/dog/dog_0088.jpg,dog,train,64,64,0.512677,/Users/fuisloy/lab/data/raw/animal-faces/afhq/val/dog/flickr_dog_000849.jpg
train/dog/dog_0089.jpg,dog,train,64,64,0.432064,/Users/fuisloy/lab/data/raw/animal-faces/afhq/train/dog/pixabay_dog_001520.jpg
train/dog/dog_0090.jpg,dog,train,64,64,0.440132,/Users/fuisloy/lab/data/raw/animal-faces/afhq/train/dog/pixabay_dog_000207.jpg
train/dog/dog_0091.jpg,dog,train,64,64,0.385755,/Users/fuisloy/lab/data/raw/animal-faces/afhq/train/dog/pixabay_dog_001961.jpg
train/dog/dog_0092.jpg,dog,train,64,64,0.555712,/Users/fuisloy/lab/data/raw/animal-faces/afhq/train/dog/pixabay_dog_003411.jpg
train/dog/dog_0093.jpg,dog,train,64,64,0.556915,/Users/fuisloy/lab/data/raw/animal-faces/afhq/train/dog/pixabay_dog_001349.jpg
train/dog/dog_0094.jpg,dog,train,64,64,0.500707,/Users/fuisloy/lab/data/raw/animal-faces/afhq/train/dog/pixabay_dog_001940.jpg
train/dog/dog_0095.jpg,dog,train,64,64,0.418256,/Users/fuisloy/lab/data/raw/animal-faces/afhq/val/dog/pixabay_dog_000691.jpg
train/dog/dog_0096.jpg,dog,train,64,64,0.420202,/Users/fuisloy/lab/data/raw/animal-faces/afhq/train/dog/flickr_dog_000356.jpg
train/dog/dog_0097.jpg,dog,train,64,64,0.375689,/Users/fuisloy/lab/data/raw/animal-faces/afhq/train/dog/pixabay_dog_000157.jpg
train/dog/dog_0098.jpg,dog,train,64,64,0.399650,/Users/fuisloy/lab/data/raw/animal-faces/afhq/train/dog/pixabay_dog_001819.jpg
train/dog/dog_0099.jpg,dog,train,64,64,0.486700,/Users/fuisloy/lab/data/raw/animal-faces/afhq/train/dog/pixabay_dog_003290.jpg
train/dog/dog_0100.jpg,dog,train,64,64,0.545658,/Users/fuisloy/lab/data/raw/animal-faces/afhq/train/dog/pixabay_dog_001119.jpg
train/dog/dog_0101.jpg,dog,train,64,64,0.441070,/Users/fuisloy/lab/data/raw/animal-faces/afhq/train/dog/pixabay_dog_000399.jpg
train/dog/dog_0102.jpg,dog,train,64,64,0.424782,/Users/fuisloy/lab/data/raw/animal-faces/afhq/val/dog/flickr_dog_000687.jpg
train/dog/dog_0103.jpg,dog,train,64,64,0.509360,/Users/fuisloy/lab/data/raw/animal-faces/afhq/train/dog/pixabay_dog_001758.jpg
train/dog/dog_0104.jpg,dog,train,64,64,0.621168,/Users/fuisloy/lab/data/raw/animal-faces/afhq/train/dog/pixabay_dog_001185.jpg
train/dog/dog_0105.jpg,dog,train,64,64,0.580681,/Users/fuisloy/lab/data/raw/animal-faces/afhq/train/dog/pixabay_dog_003313.jpg
train/dog/dog_0106.jpg,dog,train,64,64,0.494473,/Users/fuisloy/lab/data/raw/animal-faces/afhq/train/dog/pixabay_dog_001329.jpg
train/dog/dog_0107.jpg,dog,train,64,64,0.489437,/Users/fuisloy/lab/data/raw/animal-faces/afhq/train/dog/flickr_dog_000180.jpg
train/dog/dog_0108.jpg,dog,train,64,64,0.333299,/Users/fuisloy/lab/data/raw/animal-faces/afhq/train/dog/pixabay_dog_003249.jpg
train/dog/dog_0109.jpg,dog,train,64,64,0.304913,/Users/fuisloy/lab/data/raw/animal-faces/afhq/train/dog/pixabay_dog_001110.jpg
train/dog/dog_0110.jpg,dog,train,64,64,0.456023,/Users/fuisloy/lab/data/raw/animal-faces/afhq/train/dog/pixabay_dog_001716.jpg
train/dog/dog_0111.jpg,dog,train,64,64,0.551945,/Users/fuisloy/lab/data/raw/animal-faces/afhq/train/dog/pixabay_dog_000677.jpg
train/dog/dog_0112.jpg,dog,train,64,64,0.446722,/Users/fuisloy/lab/data/raw/animal-faces/afhq/train/dog/pixabay_dog_001887.jpg
train/dog/dog_0113.jpg,dog,train,64,64,0.501252,/Users/fuisloy/lab/data/raw/animal-faces/afhq/train/dog/pixabay_dog_003939.jpg
train/dog/dog_0114.jpg,dog,train,64,64,0.552394,/Users/fuisloy/lab/data/raw/animal-faces/afhq/train/dog/pixabay_dog_003219.jpg
train/dog/dog_0115.jpg,dog,train,64,64,0.588022,/Users/fuisloy/lab/data/raw/animal-faces/afhq/train/dog/flickr_dog_000947.jpg
train/dog/dog_0116.jpg,dog,train,64,64,0.473916,/Users/fuisloy/lab/data/raw/animal-faces/afhq/train/dog/pixabay_dog_000223.jpg
train/dog/dog_0117.jpg,dog,train,64,64,0.531081,/Users/fuisloy/lab/data/raw/animal-faces/afhq/train/dog/flickr_dog_000708.jpg
train/dog/dog_0118.jpg,dog,train,64,64,0.340832,/Users/fuisloy/lab/data/raw/animal-faces/afhq/train/dog/pixabay_dog_001826.jpg
train/dog/dog_0119.jpg,dog,train,64,64,0.467588,/Users/fuisloy/lab/data/raw/animal-faces/afhq/val/dog/pixabay_dog_001083.jpg
train/dog/dog_0120.jpg,dog,train,64,64,0.478787,/Users/fuisloy/lab/data/raw/animal-faces/afhq/train/dog/flickr_dog_001022.jpg
train/dog/dog_0121.jpg,dog,train,64,64,0.473305,/Users/fuisloy/lab/data/raw/animal-faces/afhq/train/dog/pixabay_dog_000852.jpg
train/dog/dog_0122.jpg,dog,train,64,64,0.414823,/Users/fuisloy/lab/data/raw/animal-faces/afhq/train/dog/pixabay_dog_000444.jpg
train/dog/dog_0123.jpg,dog,train,64,64,0.498461,/Users/fuisloy/lab/data/raw/animal-faces/afhq/train/dog/flickr_dog_000328.jpg
train/dog/dog_0124.jpg,dog,train,64,64,0.443016,/Users/fuisloy/lab/data/raw/animal-faces/afhq/train/dog/flickr_dog_001087.jpg
train/dog/dog_0125.jpg,dog,train,64,64,0.668415,/Users/fuisloy/lab/data/raw/animal-faces/afhq/train/dog/pixabay_dog_003866.jpg
train/dog/dog_0126.jpg,dog,train,64,64,0.360684,/Users/fuisloy/lab/data/raw/animal-faces/afhq/train/dog/pixabay_dog_000800.jpg
train/dog/dog_0127.jpg,dog,train,64,64,0.380109,/Users/fuisloy/lab/data/raw/animal-faces/afhq/train/dog/pixabay_dog_001562.jpg
train/dog/dog_0128.jpg,dog,train,64,64,0.452559,/Users/fuisloy/lab/data/raw/animal-faces/afhq/train/dog/pixabay_dog_003496.jpg
train/dog/dog_0129.jpg,dog,train,64,64,0.390803,/Users/fuisloy/lab/data/raw/animal-faces/afhq/train/dog/pixabay_dog_002185.jpg
train/dog/dog_0130.jpg,dog,train,64,64,0.396094,/Users/fuisloy/lab/data/raw/animal-faces/afhq/train/dog/pixabay_dog_001218.jpg
train/dog/dog_0131.jpg,dog,train,64,64,0.404464,/Users/fuisloy/lab/data/raw/animal-faces/afhq/train/dog/flickr_dog_000893.jpg
train/dog/dog_0132.jpg,dog,train,64,64,0.500024,/Users/fuisloy/lab/data/raw/animal-faces/afhq/train/dog/pixabay_dog_000904.jpg
train/dog/dog_0133.jpg,dog,train,64,64,0.380228,/Users/fuisloy/lab/data/raw/animal-faces/afhq/train/dog/pixabay_dog_000520.jpg
train/dog/dog_0134.jpg,dog,train,64,64,0.486093,/Users/fuisloy/lab/data/raw/animal-faces/afhq/train/dog/pixabay_dog_002832.jpg
train/dog/dog_0135.jpg,dog,train,64,64,0.504344,/Users/fuisloy/lab/data/raw/animal-faces/afhq/train/dog/pixabay_dog_003450.jpg
train/dog/dog_0136.jpg,dog,train,64,64,0.573923,/Users/fuisloy/lab/data/raw/animal-faces/afhq/train/dog/pixabay_dog_003771.jpg
train/dog/dog_0137.jpg,dog,train,64,64,0.366552,/Users/fuisloy/lab/data/raw/animal-faces/afhq/train/dog/pixabay_dog_001661.jpg
train/dog/dog_0138.jpg,dog,train,64,64,0.441195,/Users/fuisloy/lab/data/raw/animal-faces/afhq/val/dog/pixabay_dog_003335.jpg
train/dog/dog_0139.jpg,dog,train,64,64,0.441725,/Users/fuisloy/lab/data/raw/animal-faces/afhq/train/dog/pixabay_dog_003427.jpg
train/dog/dog_0140.jpg,dog,train,64,64,0.568765,/Users/fuisloy/lab/data/raw/animal-faces/afhq/train/dog/pixabay_dog_001879.jpg
train/dog/dog_0141.jpg,dog,train,64,64,0.385164,/Users/fuisloy/lab/data/raw/animal-faces/afhq/train/dog/pixabay_dog_003206.jpg
train/dog/dog_0142.jpg,dog,train,64,64,0.396422,/Users/fuisloy/lab/data/raw/animal-faces/afhq/train/dog/pixabay_dog_003204.jpg
train/dog/dog_0143.jpg,dog,train,64,64,0.411255,/Users/fuisloy/lab/data/raw/animal-faces/afhq/train/dog/pixabay_dog_001645.jpg
train/dog/dog_0144.jpg,dog,train,64,64,0.378536,/Users/fuisloy/lab/data/raw/animal-faces/afhq/train/dog/pixabay_dog_000877.jpg
train/dog/dog_0145.jpg,dog,train,64,64,0.366695,/Users/fuisloy/lab/data/raw/animal-faces/afhq/train/dog/pixabay_dog_002660.jpg
train/dog/dog_0146.jpg,dog,train,64,64,0.425900,/Users/fuisloy/lab/data/raw/animal-faces/afhq/train/dog/pixabay_dog_001388.jpg
train/dog/dog_0147.jpg,dog,train,64,64,0.534321,/Users/fuisloy/lab/data/raw/animal-faces/afhq/train/dog/flickr_dog_000341.jpg
train/dog/dog_0148.jpg,dog,train,64,64,0.424073,/Users/fuisloy/lab/data/raw/animal-faces/afhq/train/dog/flickr_dog_001146.jpg
train/dog/dog_0149.jpg,dog,train,64,64,0.427223,/Users/fuisloy/lab/data/raw/animal-faces/afhq/train/dog/pixabay_dog_001991.jpg
train/dog/dog_0150.jpg,dog,train,64,64,0.382432,/Users/fuisloy/lab/data/raw/animal-faces/afhq/train/dog/pixabay_dog_002641.jpg
train/dog/dog_0151.jpg,dog,train,64,64,0.534530,/Users/fuisloy/lab/data/raw/animal-faces/afhq/train/dog/flickr_dog_000186.jpg
train/dog/dog_0152.jpg,dog,train,64,64,0.362624,/Users/fuisloy/lab/data/raw/animal-faces/afhq/train/dog/pixabay_dog_000688.jpg
train/dog/dog_0153.jpg,dog,train,64,64,0.475835,/Users/fuisloy/lab/data/raw/animal-faces/afhq/train/dog/pixabay_dog_001237.jpg
train/dog/dog_0154.jpg,dog,train,64,64,0.431719,/Users/fuisloy/lab/data/raw/animal-faces/afhq/train/dog/pixabay_dog_002675.jpg
train/dog/dog_0155.jpg,dog,train,64,64,0.404281,/Users/fuisloy/lab/data/raw/animal-faces/afhq/train/dog/flickr_dog_000126.jpg
train/dog/dog_0156.jpg,dog,train,64,64,0.450871,/Users/fuisloy/lab/data/raw/animal-faces/afhq/train/dog/pixabay_dog_001874.jpg
train/dog/dog_0157.jpg,dog,train,64,64,0.631177,/Users/fuisloy/lab/data/raw/animal-faces/afhq/train/dog/pixabay_dog_003859.jpg
train/dog/dog_0158.jpg,dog,train,64,64,0.596141,/Users/fuisloy/lab/data/raw/animal-faces/afhq/train/dog/pixabay_dog_000054.jpg
train/dog/dog_0159.jpg,dog,train,64,64,0.504159,/Users/fuisloy/lab/data/raw/animal-faces/afhq/train/dog/pixabay_dog_003291.jpg
train/dog/dog_0160.jpg,dog,train,64,64,0.536345,/Users/fuisloy/lab/data/raw/animal-faces/afhq/train/dog/pixabay_dog_003155.jpg
train/dog/dog_0161.jpg,dog,train,64,64,0.425280,/Users/fuisloy/lab/data/raw/animal-faces/afhq/train/dog/pixabay_dog_002523.jpg
train/dog/dog_0162.jpg,dog,train,64,64,0.542458,/Users/fuisloy/lab/data/raw/animal-faces/afhq/train/dog/pixabay_dog_003161.jpg
train/dog/dog_0163.jpg,dog,train,64,64,0.510024,/Users/fuisloy/lab/data/raw/animal-faces/afhq/train/dog/pixabay_dog_002107.jpg
train/dog/dog_0164.jpg,dog,train,64,64,0.190229,/Users/fuisloy/lab/data/raw/animal-faces/afhq/train/dog/pixabay_dog_002459.jpg
train/dog/dog_0165.jpg,dog,train,64,64,0.420443,/Users/fuisloy/lab/data/raw/animal-faces/afhq/train/dog/pixabay_dog_003530.jpg
train/dog/dog_0166.jpg,dog,train,64,64,0.517030,/Users/fuisloy/lab/data/raw/animal-faces/afhq/val/dog/pixabay_dog_003406.jpg
train/dog/dog_0167.jpg,dog,train,64,64,0.440331,/Users/fuisloy/lab/data/raw/animal-faces/afhq/train/dog/pixabay_dog_000358.jpg
train/dog/dog_0168.jpg,dog,train,64,64,0.572780,/Users/fuisloy/lab/data/raw/animal-faces/afhq/train/dog/pixabay_dog_001219.jpg
train/dog/dog_0169.jpg,dog,train,64,64,0.459415,/Users/fuisloy/lab/data/raw/animal-faces/afhq/train/dog/pixabay_dog_001805.jpg
train/dog/dog_0170.jpg,dog,train,64,64,0.446288,/Users/fuisloy/lab/data/raw/animal-faces/afhq/val/dog/pixabay_dog_001705.jpg
train/dog/dog_0171.jpg,dog,train,64,64,0.205931,/Users/fuisloy/lab/data/raw/animal-faces/afhq/train/dog/pixabay_dog_003436.jpg
train/dog/dog_0172.jpg,dog,train,64,64,0.495817,/Users/fuisloy/lab/data/raw/animal-faces/afhq/train/dog/pixabay_dog_001811.jpg
train/dog/dog_0173.jpg,dog,train,64,64,0.387585,/Users/fuisloy/lab/data/raw/animal-faces/afhq/train/dog/pixabay_dog_000153.jpg
train/dog/dog_0174.jpg,dog,train,64,64,0.527900,/Users/fuisloy/lab/data/raw/animal-faces/afhq/train/dog/pixabay_dog_001365.jpg
train/dog/dog_0175.jpg,dog,train,64,64,0.512102,/Users/fuisloy/lab/data/raw/animal-faces/afhq/train/dog/pixabay_dog_002102.jpg
train/dog/dog_0176.jpg,dog,train,64,64,0.408013,/Users/fuisloy/lab/data/raw/animal-faces/afhq/val/dog/pixabay_dog_003092.jpg
train/dog/dog_0177.jpg,dog,train,64,64,0.133310,/Users/fuisloy/lab/data/raw/animal-faces/afhq/val/dog/pixabay_dog_003574.jpg
train/dog/dog_0178.jpg,dog,train,64,64,0.475333,/Users/fuisloy/lab/data/raw/animal-faces/afhq/train/dog/pixabay_dog_000616.jpg
train/dog/dog_0179.jpg,dog,train,64,64,0.492330,/Users/fuisloy/lab/data/raw/animal-faces/afhq/train/dog/pixabay_dog_000784.jpg
train/dog/dog_0180.jpg,dog,train,64,64,0.741945,/Users/fuisloy/lab/data/raw/animal-faces/afhq/train/dog/pixabay_dog_002039.jpg
train/dog/dog_0181.jpg,dog,train,64,64,0.444727,/Users/fuisloy/lab/data/raw/animal-faces/afhq/train/dog/pixabay_dog_000267.jpg
train/dog/dog_0182.jpg,dog,train,64,64,0.583045,/Users/fuisloy/lab/data/raw/animal-faces/afhq/train/dog/pixabay_dog_001132.jpg
train/dog/dog_0183.jpg,dog,train,64,64,0.333339,/Users/fuisloy/lab/data/raw/animal-faces/afhq/val/dog/pixabay_dog_003552.jpg
train/dog/dog_0184.jpg,dog,train,64,64,0.400618,/Users/fuisloy/lab/data/raw/animal-faces/afhq/train/dog/pixabay_dog_002045.jpg
train/dog/dog_0185.jpg,dog,train,64,64,0.684605,/Users/fuisloy/lab/data/raw/animal-faces/afhq/train/dog/pixabay_dog_000438.jpg
train/dog/dog_0186.jpg,dog,train,64,64,0.311395,/Users/fuisloy/lab/data/raw/animal-faces/afhq/train/dog/pixabay_dog_003380.jpg
train/dog/dog_0187.jpg,dog,train,64,64,0.563860,/Users/fuisloy/lab/data/raw/animal-faces/afhq/train/dog/pixabay_dog_003877.jpg
train/dog/dog_0188.jpg,dog,train,64,64,0.499866,/Users/fuisloy/lab/data/raw/animal-faces/afhq/train/dog/pixabay_dog_000940.jpg
train/dog/dog_0189.jpg,dog,train,64,64,0.470969,/Users/fuisloy/lab/data/raw/animal-faces/afhq/val/dog/pixabay_dog_000910.jpg
train/dog/dog_0190.jpg,dog,train,64,64,0.428053,/Users/fuisloy/lab/data/raw/animal-faces/afhq/train/dog/flickr_dog_000417.jpg
train/dog/dog_0191.jpg,dog,train,64,64,0.401449,/Users/fuisloy/lab/data/raw/animal-faces/afhq/train/dog/pixabay_dog_002033.jpg
train/dog/dog_0192.jpg,dog,train,64,64,0.322835,/Users/fuisloy/lab/data/raw/animal-faces/afhq/train/dog/pixabay_dog_003688.jpg
train/dog/dog_0193.jpg,dog,train,64,64,0.581694,/Users/fuisloy/lab/data/raw/animal-faces/afhq/train/dog/pixabay_dog_003065.jpg
train/dog/dog_0194.jpg,dog,train,64,64,0.479015,/Users/fuisloy/lab/data/raw/animal-faces/afhq/train/dog/pixabay_dog_003498.jpg
train/dog/dog_0195.jpg,dog,train,64,64,0.492195,/Users/fuisloy/lab/data/raw/animal-faces/afhq/train/dog/pixabay_dog_003815.jpg
train/dog/dog_0196.jpg,dog,train,64,64,0.360299,/Users/fuisloy/lab/data/raw/animal-faces/afhq/train/dog/pixabay_dog_001003.jpg
train/dog/dog_0197.jpg,dog,train,64,64,0.487428,/Users/fuisloy/lab/data/raw/animal-faces/afhq/train/dog/flickr_dog_000427.jpg
train/dog/dog_0198.jpg,dog,train,64,64,0.511831,/Users/fuisloy/lab/data/raw/animal-faces/afhq/train/dog/pixabay_dog_003857.jpg
train/dog/dog_0199.jpg,dog,train,64,64,0.576169,/Users/fuisloy/lab/data/raw/animal-faces/afhq/train/dog/pixabay_dog_002970.jpg
train/dog/dog_0200.jpg,dog,train,64,64,0.592659,/Users/fuisloy/lab/data/raw/animal-faces/afhq/train/dog/pixabay_dog_000400.jpg
train/dog/dog_0201.jpg,dog,train,64,64,0.487448,/Users/fuisloy/lab/data/raw/animal-faces/afhq/train/dog/pixabay_dog_002235.jpg
train/dog/dog_0202.jpg,dog,train,64,64,0.477218,/Users/fuisloy/lab/data/raw/animal-faces/afhq/train/dog/pixabay_dog_001596.jpg
train/dog/dog_0203.jpg,dog,train,64,64,0.507510,/Users/fuisloy/lab/data/raw/animal-faces/afhq/train/dog/pixabay_dog_002023.jpg
train/dog/dog_0204.jpg,dog,train,64,64,0.769442,/Users/fuisloy/lab/data/raw/animal-faces/afhq/train/dog/pixabay_dog_001788.jpg
train/dog/dog_0205.jpg,dog,train,64,64,0.522058,/Users/fuisloy/lab/data/raw/animal-faces/afhq/train/dog/pixabay_dog_003347.jpg
train/dog/dog_0206.jpg,dog,train,64,64,0.589956,/Users/fuisloy/lab/data/raw/animal-faces/afhq/train/dog/pixabay_dog_003662.jpg
train/dog/dog_0207.jpg,dog,train,64,64,0.340307,/Users/fuisloy/lab/data/raw/animal-faces/afhq/train/dog/flickr_dog_000890.jpg
train/dog/dog_0208.jpg,dog,train,64,64,0.374526,/Users/fuisloy/lab/data/raw/animal-faces/afhq/train/dog/pixabay_dog_001217.jpg
train/dog/dog_0209.jpg,dog,train,64,64,0.714109,/Users/fuisloy/lab/data/raw/animal-faces/afhq/train/dog/pixabay_dog_001228.jpg
val/dog/dog_0000.jpg,dog,val,64,64,0.476614,/Users/fuisloy/lab/data/raw/animal-faces/afhq/train/dog/flickr_dog_000528.jpg
val/dog/dog_0001.jpg,dog,val,64,64,0.550124,/Users/fuisloy/lab/data/raw/animal-faces/afhq/val/dog/pixabay_dog_001199.jpg
val/dog/dog_0002.jpg,dog,val,64,64,0.667053,/Users/fuisloy/lab/data/raw/animal-faces/afhq/val/dog/pixabay_dog_000373.jpg
val/dog/dog_0003.jpg,dog,val,64,64,0.504388,/Users/fuisloy/lab/data/raw/animal-faces/afhq/train/dog/pixabay_dog_002572.jpg
val/dog/dog_0004.jpg,dog,val,64,64,0.418463,/Users/fuisloy/lab/data/raw/animal-faces/afhq/val/dog/pixabay_dog_002383.jpg
val/dog/dog_0005.jpg,dog,val,64,64,0.436902,/Users/fuisloy/lab/data/raw/animal-faces/afhq/train/dog/pixabay_dog_000026.jpg
val/dog/dog_0006.jpg,dog,val,64,64,0.525629,/Users/fuisloy/lab/data/raw/animal-faces/afhq/train/dog/flickr_dog_000880.jpg
val/dog/dog_0007.jpg,dog,val,64,64,0.422596,/Users/fuisloy/lab/data/raw/animal-faces/afhq/train/dog/flickr_dog_000514.jpg
val/dog/dog_0008.jpg,dog,val,64,64,0.537662,/Users/fuisloy/lab/data/raw/animal-faces/afhq/train/dog/flickr_dog_001127.jpg
val/dog/dog_0009.jpg,dog,val,64,64,0.557136,/Users/fuisloy/lab/data/raw/animal-faces/afhq/train/dog/pixabay_dog_002761.jpg
val/dog/dog_0010.jpg,dog,val,64,64,0.524494,/Users/fuisloy/lab/data/raw/animal-faces/afhq/train/dog/pixabay_dog_000707.jpg
val/dog/dog_0011.jpg,dog,val,64,64,0.589402,/Users/fuisloy/lab/data/raw/animal-faces/afhq/train/dog/pixabay_dog_002125.jpg
val/dog/dog_0012.jpg,dog,val,64,64,0.401385,/Users/fuisloy/lab/data/raw/animal-faces/afhq/val/dog/pixabay_dog_003975.jpg
val/dog/dog_0013.jpg,dog,val,64,64,0.641580,/Users/fuisloy/lab/data/raw/animal-faces/afhq/train/dog/pixabay_dog_003687.jpg
val/dog/dog_0014.jpg,dog,val,64,64,0.532523,/Users/fuisloy/lab/data/raw/animal-faces/afhq/train/dog/pixabay_dog_002933.jpg
val/dog/dog_0015.jpg,dog,val,64,64,0.416780,/Users/fuisloy/lab/data/raw/animal-faces/afhq/train/dog/pixabay_dog_000953.jpg
val/dog/dog_0016.jpg,dog,val,64,64,0.650536,/Users/fuisloy/lab/data/raw/animal-faces/afhq/train/dog/flickr_dog_000564.jpg
val/dog/dog_0017.jpg,dog,val,64,64,0.434335,/Users/fuisloy/lab/data/raw/animal-faces/afhq/train/dog/pixabay_dog_002247.jpg
val/dog/dog_0018.jpg,dog,val,64,64,0.656665,/Users/fuisloy/lab/data/raw/animal-faces/afhq/train/dog/flickr_dog_000204.jpg
val/dog/dog_0019.jpg,dog,val,64,64,0.349785,/Users/fuisloy/lab/data/raw/animal-faces/afhq/train/dog/pixabay_dog_003006.jpg
val/dog/dog_0020.jpg,dog,val,64,64,0.436829,/Users/fuisloy/lab/data/raw/animal-faces/afhq/train/dog/pixabay_dog_001871.jpg
val/dog/dog_0021.jpg,dog,val,64,64,0.447742,/Users/fuisloy/lab/data/raw/animal-faces/afhq/train/dog/pixabay_dog_001997.jpg
val/dog/dog_0022.jpg,dog,val,64,64,0.366513,/Users/fuisloy/lab/data/raw/animal-faces/afhq/train/dog/pixabay_dog_000619.jpg
val/dog/dog_0023.jpg,dog,val,64,64,0.580615,/Users/fuisloy/lab/data/raw/animal-faces/afhq/train/dog/pixabay_dog_001599.jpg
val/dog/dog_0024.jpg,dog,val,64,64,0.611332,/Users/fuisloy/lab/data/raw/animal-faces/afhq/train/dog/pixabay_dog_000110.jpg
val/dog/dog_0025.jpg,dog,val,64,64,0.259436,/Users/fuisloy/lab/data/raw/animal-faces/afhq/train/dog/pixabay_dog_000998.jpg
val/dog/dog_0026.jpg,dog,val,64,64,0.439342,/Users/fuisloy/lab/data/raw/animal-faces/afhq/train/dog/pixabay_dog_001960.jpg
val/dog/dog_0027.jpg,dog,val,64,64,0.561548,/Users/fuisloy/lab/data/raw/animal-faces/afhq/train/dog/pixabay_dog_001074.jpg
val/dog/dog_0028.jpg,dog,val,64,64,0.522039,/Users/fuisloy/lab/data/raw/animal-faces/afhq/train/dog/pixabay_dog_000634.jpg
val/dog/dog_0029.jpg,dog,val,64,64,0.447291,/Users/fuisloy/lab/data/raw/animal-faces/afhq/train/dog/flickr_dog_000037.jpg
val/dog/dog_0030.jpg,dog,val,64,64,0.492168,/Users/fuisloy/lab/data/raw/animal-faces/afhq/train/dog/pixabay_dog_002696.jpg
val/dog/dog_0031.jpg,dog,val,64,64,0.466688,/Users/fuisloy/lab/data/raw/animal-faces/afhq/train/dog/pixabay_dog_001876.jpg
val/dog/dog_0032.jpg,dog,val,64,64,0.364602,/Users/fuisloy/lab/data/raw/animal-faces/afhq/train/dog/pixabay_dog_002408.jpg
val/dog/dog_0033.jpg,dog,val,64,64,0.514273,/Users/fuisloy/lab/data/raw/animal-faces/afhq/train/dog/flickr_dog_000638.jpg
val/dog/dog_0034.jpg,dog,val,64,64,0.481895,/Users/fuisloy/lab/data/raw/animal-faces/afhq/train/dog/flickr_dog_000360.jpg
val/dog/dog_0035.jpg,dog,val,64,64,0.361418,/Users/fuisloy/lab/data/raw/animal-faces/afhq/val/dog/flickr_dog_000675.jpg
val/dog/dog_0036.jpg,dog,val,64,64,0.417097,/Users/fuisloy/lab/data/raw/animal-faces/afhq/train/dog/pixabay_dog_002108.jpg
val/dog/dog_0037.jpg,dog,val,64,64,0.448300,/Users/fuisloy/lab/data/raw/animal-faces/afhq/val/dog/pixabay_dog_000490.jpg
val/dog/dog_0038.jpg,dog,val,64,64,0.438546,/Users/fuisloy/lab/data/raw/animal-faces/afhq/val/dog/pixabay_dog_003122.jpg
val/dog/dog_0039.jpg,dog,val,64,64,0.377240,/Users/fuisloy/lab/data/raw/animal-faces/afhq/train/dog/flickr_dog_000033.jpg
val/dog/dog_0040.jpg,dog,val,64,64,0.458317,/Users/fuisloy/lab/data/raw/animal-faces/afhq/train/dog/flickr_dog_000884.jpg
val/dog/dog_0041.jpg,dog,val,64,64,0.421420,/Users/fuisloy/lab/data/raw/animal-faces/afhq/train/dog/pixabay_dog_003233.jpg
val/dog/dog_0042.jpg,dog,val,64,64,0.503556,/Users/fuisloy/lab/data/raw/animal-faces/afhq/train/dog/flickr_dog_000366.jpg
val/dog/dog_0043.jpg,dog,val,64,64,0.413657,/Users/fuisloy/lab/data/raw/animal-faces/afhq/train/dog/pixabay_dog_000420.jpg
val/dog/dog_0044.jpg,dog,val,64,64,0.429155,/Users/fuisloy/lab/data/raw/animal-faces/afhq/train/dog/pixabay_dog_000704.jpg
test/dog/dog_0000.jpg,dog,test,64,64,0.651416,/Users/fuisloy/lab/data/raw/animal-faces/afhq/train/dog/pixabay_dog_000085.jpg
test/dog/dog_0001.jpg,dog,test,64,64,0.347358,/Users/fuisloy/lab/data/raw/animal-faces/afhq/train/dog/pixabay_dog_001825.jpg
test/dog/dog_0002.jpg,dog,test,64,64,0.316639,/Users/fuisloy/lab/data/raw/animal-faces/afhq/train/dog/pixabay_dog_000547.jpg
test/dog/dog_0003.jpg,dog,test,64,64,0.579596,/Users/fuisloy/lab/data/raw/animal-faces/afhq/train/dog/pixabay_dog_003135.jpg
test/dog/dog_0004.jpg,dog,test,64,64,0.264433,/Users/fuisloy/lab/data/raw/animal-faces/afhq/train/dog/flickr_dog_000398.jpg
test/dog/dog_0005.jpg,dog,test,64,64,0.394381,/Users/fuisloy/lab/data/raw/animal-faces/afhq/train/dog/pixabay_dog_001057.jpg
test/dog/dog_0006.jpg,dog,test,64,64,0.420029,/Users/fuisloy/lab/data/raw/animal-faces/afhq/train/dog/pixabay_dog_001149.jpg
test/dog/dog_0007.jpg,dog,test,64,64,0.405449,/Users/fuisloy/lab/data/raw/animal-faces/afhq/train/dog/pixabay_dog_000194.jpg
test/dog/dog_0008.jpg,dog,test,64,64,0.331436,/Users/fuisloy/lab/data/raw/animal-faces/afhq/train/dog/pixabay_dog_003208.jpg
test/dog/dog_0009.jpg,dog,test,64,64,0.540103,/Users/fuisloy/lab/data/raw/animal-faces/afhq/train/dog/pixabay_dog_002130.jpg
test/dog/dog_0010.jpg,dog,test,64,64,0.541607,/Users/fuisloy/lab/data/raw/animal-faces/afhq/val/dog/pixabay_dog_000321.jpg
test/dog/dog_0011.jpg,dog,test,64,64,0.427043,/Users/fuisloy/lab/data/raw/animal-faces/afhq/train/dog/pixabay_dog_003847.jpg
test/dog/dog_0012.jpg,dog,test,64,64,0.508988,/Users/fuisloy/lab/data/raw/animal-faces/afhq/train/dog/pixabay_dog_000893.jpg
test/dog/dog_0013.jpg,dog,test,64,64,0.462633,/Users/fuisloy/lab/data/raw/animal-faces/afhq/val/dog/pixabay_dog_000826.jpg
test/dog/dog_0014.jpg,dog,test,64,64,0.413126,/Users/fuisloy/lab/data/raw/animal-faces/afhq/train/dog/pixabay_dog_001028.jpg
test/dog/dog_0015.jpg,dog,test,64,64,0.415091,/Users/fuisloy/lab/data/raw/animal-faces/afhq/train/dog/pixabay_dog_002509.jpg
test/dog/dog_0016.jpg,dog,test,64,64,0.556100,/Users/fuisloy/lab/data/raw/animal-faces/afhq/train/dog/pixabay_dog_000295.jpg
test/dog/dog_0017.jpg,dog,test,64,64,0.534789,/Users/fuisloy/lab/data/raw/animal-faces/afhq/train/dog/pixabay_dog_000884.jpg
test/dog/dog_0018.jpg,dog,test,64,64,0.333212,/Users/fuisloy/lab/data/raw/animal-faces/afhq/train/dog/pixabay_dog_003364.jpg
test/dog/dog_0019.jpg,dog,test,64,64,0.365880,/Users/fuisloy/lab/data/raw/animal-faces/afhq/train/dog/pixabay_dog_002462.jpg
test/dog/dog_0020.jpg,dog,test,64,64,0.374521,/Users/fuisloy/lab/data/raw/animal-faces/afhq/train/dog/pixabay_dog_003862.jpg
test/dog/dog_0021.jpg,dog,test,64,64,0.623323,/Users/fuisloy/lab/data/raw/animal-faces/afhq/train/dog/pixabay_dog_003955.jpg
test/dog/dog_0022.jpg,dog,test,64,64,0.370891,/Users/fuisloy/lab/data/raw/animal-faces/afhq/train/dog/pixabay_dog_003114.jpg
test/dog/dog_0023.jpg,dog,test,64,64,0.480796,/Users/fuisloy/lab/data/raw/animal-faces/afhq/train/dog/pixabay_dog_003681.jpg
test/dog/dog_0024.jpg,dog,test,64,64,0.563407,/Users/fuisloy/lab/data/raw/animal-faces/afhq/train/dog/pixabay_dog_002648.jpg
test/dog/dog_0025.jpg,dog,test,64,64,0.372944,/Users/fuisloy/lab/data/raw/animal-faces/afhq/train/dog/pixabay_dog_001385.jpg
test/dog/dog_0026.jpg,dog,test,64,64,0.520813,/Users/fuisloy/lab/data/raw/animal-faces/afhq/train/dog/pixabay_dog_000829.jpg
test/dog/dog_0027.jpg,dog,test,64,64,0.357267,/Users/fuisloy/lab/data/raw/animal-faces/afhq/train/dog/flickr_dog_000631.jpg
test/dog/dog_0028.jpg,dog,test,64,64,0.338837,/Users/fuisloy/lab/data/raw/animal-faces/afhq/train/dog/pixabay_dog_003378.jpg
test/dog/dog_0029.jpg,dog,test,64,64,0.589829,/Users/fuisloy/lab/data/raw/animal-faces/afhq/train/dog/pixabay_dog_003982.jpg
test/dog/dog_0030.jpg,dog,test,64,64,0.403726,/Users/fuisloy/lab/data/raw/animal-faces/afhq/val/dog/flickr_dog_001094.jpg
test/dog/dog_0031.jpg,dog,test,64,64,0.497860,/Users/fuisloy/lab/data/raw/animal-faces/afhq/train/dog/flickr_dog_000882.jpg
test/dog/dog_0032.jpg,dog,test,64,64,0.524660,/Users/fuisloy/lab/data/raw/animal-faces/afhq/val/dog/pixabay_dog_002854.jpg
test/dog/dog_0033.jpg,dog,test,64,64,0.484792,/Users/fuisloy/lab/data/raw/animal-faces/afhq/train/dog/pixabay_dog_002114.jpg
test/dog/dog_0034.jpg,dog,test,64,64,0.176528,/Users/fuisloy/lab/data/raw/animal-faces/afhq/train/dog/pixabay_dog_000957.jpg
test/dog/dog_0035.jpg,dog,test,64,64,0.536946,/Users/fuisloy/lab/data/raw/animal-faces/afhq/train/dog/flickr_dog_000097.jpg
test/dog/dog_0036.jpg,dog,test,64,64,0.475541,/Users/fuisloy/lab/data/raw/animal-faces/afhq/train/dog/pixabay_dog_003108.jpg
test/dog/dog_0037.jpg,dog,test,64,64,0.450346,/Users/fuisloy/lab/data/raw/animal-faces/afhq/train/dog/pixabay_dog_002836.jpg
test/dog/dog_0038.jpg,dog,test,64,64,0.338472,/Users/fuisloy/lab/data/raw/animal-faces/afhq/train/dog/flickr_dog_000793.jpg
test/dog/dog_0039.jpg,dog,test,64,64,0.285224,/Users/fuisloy/lab/data/raw/animal-faces/afhq/train/dog/pixabay_dog_003760.jpg
test/dog/dog_0040.jpg,dog,test,64,64,0.439870,/Users/fuisloy/lab/data/raw/animal-faces/afhq/train/dog/pixabay_dog_003285.jpg
test/dog/dog_0041.jpg,dog,test,64,64,0.402983,/Users/fuisloy/lab/data/raw/animal-faces/afhq/train/dog/pixabay_dog_000891.jpg
test/dog/dog_0042.jpg,dog,test,64,64,0.295746,/Users/fuisloy/lab/data/raw/animal-faces/afhq/train/dog/flickr_dog_000243.jpg
test/dog/dog_0043.jpg,dog,test,64,64,0.424148,/Users/fuisloy/lab/data/raw/animal-faces/afhq/train/dog/pixabay_dog_001785.jpg
test/dog/dog_0044.jpg,dog,test,64,64,0.514948,/Users/fuisloy/lab/data/raw/animal-faces/afhq/train/dog/flickr_dog_000307.jpg
